R0,TE,TP,TI1,TI2,nuA,alphaTH,etaTH,alphaEP,alphaI1D,alphaHD,alphaI1H,eta,repeats,lock_1_restrict,lock_2_release,output
3.694098291883711,0.801373834347818,3.395964277140796,2.928562209996395,0.48025143798884284,0.31885108813643454,1.0215403338141,0.02545514658781587,-2.851266023034309,-17.26836095853069,-3.4900537693180333,-3.7643064667255635,0.03178790529309193,10,1,1,Ens0000
2.2340542512713,1.2528209515810014,2.8494456616248938,3.0613658399186097,0.41200942787239747,0.5309508110256865,-0.3733311688045406,0.049269295640078946,-1.6065052185638604,-5.611737791793159,-2.385751277342892,-3.1473650413548397,0.01826286853303034,10,1,1,Ens0001
2.580689333821647,0.4252063434971496,2.888526596814394,2.844524028018117,0.2971630892771487,0.10379322747234256,0.0962662645725281,0.03792031283883997,-2.8511136294922803,-3.6383519741453405,-13.992925973760663,-2.301641214108677,0.019550044955318445,10,1,1,Ens0002
2.013575409457553,1.3759361064331606,2.466399070546031,3.9442529727742075,0.3182575355906854,0.929120530942455,0.28225854782595017,0.042682634250631055,-3.6059591709814374,-15.819108444573562,-1.833650649104432,-1.8540339626291535,0.021470603911202413,10,1,1,Ens0003
3.0054327397956513,1.132636794153601,3.6536504367031153,2.8050961125362663,0.16743537916095416,0.6341251321556046,0.3223098033890701,0.037490147914199336,-3.7260162736786837,-4.997669768633209,-15.029228418348659,-3.549956183062168,0.03584202673067492,10,1,1,Ens0004
4.341439253394492,1.7129518881062977,1.9225492790341376,4.352788225344847,0.43304738391283154,0.5902198441233486,0.1941797220812978,0.039627666611803614,-2.8752455764018894,-4.477236062911076,-10.715858601769519,-3.1182973351890535,0.0261026671716929,10,1,1,Ens0005
2.9553567801602183,1.6312214392786846,3.8183387850038706,3.2300995222516358,0.4272882657168517,0.09934906375128776,1.3503609864554318,0.020929277824251545,-2.9975398588769617,-6.768975358731487,-4.493396365584385,-2.7198318627704365,0.02607798090131362,10,1,1,Ens0006
3.916972217615694,0.4647962758513168,1.588409971198067,2.9707268140190277,0.1427231854849402,0.04913904581218958,0.8504700656247774,0.023990897872912458,-3.0841725148885923,-18.528301781216076,-2.641829804176548,-2.56948389446847,0.02432606978767602,10,1,1,Ens0007
4.4286437050323,0.5513905234951526,3.840692235475406,3.2464277963386845,0.38135723597021587,0.7307075051916763,0.5212371804823319,0.037319056086420714,-2.2009680482849974,-4.478576359394959,-14.500395754930373,-3.122022587176206,0.022797130809219628,10,1,1,Ens0008
2.7554983616457323,0.997774184313137,1.3615075512006878,3.3197113481857814,0.36203458739538724,0.9701045818487182,-0.3155051306278142,0.05631099392648545,-3.1638009672284158,-18.733027434883812,-4.046744351535596,-3.758735089077541,0.03188021616745528,10,1,1,Ens000a
2.0875072660623117,0.37827593731042,3.2466789328437295,4.145795628048945,0.03149784254213702,0.29690963591914626,0.8507393341804683,0.02535742308784471,-1.9242676016038522,-4.470337477010176,-10.796729988606117,-2.763150246081146,0.0197122876309788,10,1,1,Ens000b
2.4340804743231272,0.3098871668055654,3.2888372384477407,3.289830828561913,0.32064803311951506,0.9036935608228669,0.9661645036437685,0.027960767317464198,-1.167297381761258,-2.8670285613723125,-3.3781651976604072,-2.652415625826878,0.01379594626521392,10,1,1,Ens000d
4.130562221538275,0.6027693752935156,2.2302800779566168,4.099262129498646,0.4562272146409205,0.1758848398225382,0.8858462748620721,0.02102325775341273,-2.6905277986857024,-5.977653566194238,-12.6803244620985,-4.217737815792146,0.033472960639906124,10,1,1,Ens000f
2.8324248661985623,1.9198908956362866,2.1180852804016324,4.401584476628806,0.06921434334120807,0.3886888922052458,0.01677339993581306,0.03817865497356012,-2.5574643885022623,-5.231826240514773,-2.467090282229877,-1.454641863232633,0.0165811284032518,10,1,1,Ens000g
2.9194277628324925,1.4578639808846636,2.767476852439344,3.673937517239712,0.015019033898944035,0.02614991302601993,-0.11339775073256264,0.04291992814309583,-3.7019061965757354,-17.49915884604365,-2.776965034562554,-2.036879208081605,0.02422685218361193,10,1,1,Ens000h
3.8206905816681687,1.2136216023298911,1.7617899233233183,2.8989522867011837,0.05380023163612746,0.714687001905404,1.344341829671252,0.01748503809602423,-1.9080872830569082,-17.735340018467003,-2.667512934279314,-3.8257688661919316,0.02239326382943225,10,1,1,Ens000i
3.517180869192816,0.9034710714337415,3.6857503624521195,3.7180180918346157,0.2460927049688394,0.9921255207620561,1.0520746148098628,0.020239871638725947,-0.7675266136138745,-4.314071266745854,-4.851054585045474,-2.8709937960188596,0.009729119792288361,10,1,1,Ens000j
3.073268256534357,1.2953063481785356,1.2097050754204393,4.202195794229396,0.33450972788222366,0.431745053594932,0.8784891534263113,0.03046275394666774,-2.0596202394436403,-3.9358674809060417,-17.412300317231683,-2.2578883684455353,0.014069786958719547,10,1,1,Ens000k
2.693465427379124,0.7107128462041727,1.6104872056487947,3.6355861804061567,0.39363854364997936,0.07976569690275938,-0.16158132054184338,0.05291237655473284,-2.618787676073711,-4.405936303935913,-6.068316987104531,-2.6534584131842767,0.02335237795402695,10,1,1,Ens000l
4.173242555628531,1.0926622238527053,2.357261268664151,4.3897535802638155,0.17460947659428694,0.9432183867506683,1.0136433498437143,0.021322255736630283,-1.6909118352476484,-4.114534240537654,-3.47842547077291,-2.138275402801279,0.01212983163295281,10,1,1,Ens000m
2.853972821473144,1.0725908662383445,3.444529167830944,4.266390271602663,0.3059746291149598,0.0033663310017436744,1.131113004298759,0.020896366599120152,-1.659115934582978,-4.932912516725954,-5.0337197518410965,-3.556044636706426,0.021596867333144632,10,1,1,Ens000n
4.02716748767998,1.1784905847245828,2.527455367678776,3.4479210852086544,0.49408738219551834,0.6669245273480192,0.03578275954561391,0.04175881078851848,-3.431833342458696,-7.181708441991492,-3.2790070793697335,-3.0716771133669685,0.0284231329415935,10,1,1,Ens000o
3.75242483667098,1.9680608939910307,2.4309446521978826,3.5595978995095936,0.2059268930104822,0.4820385915925726,0.2583049934098858,0.03679613850020288,-4.193399230098162,-12.299615499849304,-3.3846322673721407,-2.8756311421120833,0.033253643390187215,10,1,1,Ens000p
2.4681922155548817,1.3970720079047607,3.933154321258888,3.9737786213811486,0.12398426572518237,0.41660744724795223,0.7167994377477966,0.030989277278142165,-2.6498445898920115,-3.5991572910451795,-12.73763881412606,-1.5876709353450518,0.017386618612080396,10,1,1,Ens000q
3.251765362150036,1.550508552440442,1.4845376593079418,3.8162165198083966,0.1367251309633781,0.8984575338521972,0.6948476559375424,0.025396015350762625,-2.4852071956867405,-19.557924296434006,-2.10651341844387,-1.9957301582405225,0.018868809630918002,10,1,1,Ens000s
3.606652623100672,1.0286163899926468,1.7202755312882363,4.056739689549431,0.08198180580371665,0.19177468674723058,1.0184144789969392,0.019472427827686895,-3.640249167653142,-3.991339658867412,-17.983868163911815,-3.1882302627127257,0.03541939033935692,10,1,1,Ens000t
2.2908646170748397,1.6877269312324934,1.6979084235578774,3.4370053801294413,0.150474302202533,0.25219068229198455,-0.11876542529108686,0.03664111916080145,-2.3302472973711623,-3.0857894220649094,-9.603404531948343,-1.8267990864797197,0.015000501820307105,10,1,1,Ens000u
4.28582599372603,0.8448376918933355,1.2624012373387814,3.7178483907794577,0.2223146635976634,0.6199075461691246,1.1921060659358762,0.015774687240981047,-2.5992560839217833,-4.055398836486256,-5.228147253084878,-2.195703143555771,0.019258064292773856,10,1,1,Ens000v
3.152056935033761,0.5592117325738072,3.9853741629123682,3.5415824291030873,0.21730297665593262,0.23305765091441571,0.22430904260147824,0.02905586846623536,-1.493369089414656,-7.311067471048014,-2.3174988530586202,-2.401248806294541,0.016064520558370855,10,1,1,Ens000w
4.206974393257406,1.7367803387702443,3.585798519691452,3.8690458655580877,0.07308096552896826,0.7718337738979608,0.9268377168525359,0.020018695122353748,-2.4012949011110734,-2.9812411601782207,-10.081789787438103,-1.7066459103013425,0.01192901196808498,10,1,1,Ens000x
4.353613626572769,0.6847932878984138,2.5591602676324543,3.3821406797869127,0.04855370489835507,0.34211158741265535,-0.09400447058114009,0.041627917348453405,-4.0330680720664365,-3.7813237463701985,-10.538919170546347,-2.8699743622217504,0.03268237145440103,10,1,1,Ens000y
2.117389757174533,0.3637381966598332,1.9999147605560719,3.997222472752444,0.44806360584154403,0.5663653781777248,0.4263054518006076,0.027218042575898983,-3.338280456395775,-4.444489928827776,-16.890210255674155,-3.4188121166182732,0.03265005854936691,10,1,1,Ens000z
3.3284959976095707,1.8501867491765878,1.961077802900225,2.955778398031834,0.4058545269870283,0.7882698369165883,1.2655334582993003,0.01703797309491549,-3.1675737151545516,-8.026786901849123,-3.96144684593422,-2.4297736293098056,0.02602212066539259,10,1,1,Ens0010
3.3730010907980614,0.20336741025885569,2.664756378546357,4.453408169900998,0.18776094339097057,0.12356337705161423,-0.05090284487520835,0.03691007578724698,-2.8583515650962164,-16.15119460306154,-3.122197999877738,-2.301441702198133,0.024518353919514572,10,1,1,Ens0011
3.5779150516144,0.7721751517821103,3.0181218345817173,4.247144475221633,0.0024369710416514423,0.6453118136152625,-0.5678062884615875,0.04878018459526373,-2.0246969304779165,-6.9239015153130925,-3.357976494413094,-2.8470432733698035,0.020107848462206587,10,1,1,Ens0012
4.466712559270673,1.3360263903192244,3.10952355251275,3.900684561011847,0.28066336414191173,0.2605918641993776,1.2660117024767223,0.014149879125066316,-2.792456636512139,-7.2106900461139265,-2.9623955834586937,-2.71502119161926,0.026414157568374105,10,1,1,Ens0014
3.426785426901188,1.77425656974921,3.764228322003037,4.169836988008581,0.3738871985887834,0.5107424295833334,0.2100285020484326,0.03554452464371469,-2.456405981480145,-4.6362744930378605,-12.423269977219949,-2.861567626590725,0.02300779842536084,10,1,1,Ens0015
3.4675776038784534,0.1596141136046499,1.849692052606493,4.070330903911032,0.2535239677997865,0.87931023420766,-0.7211401243799509,0.055687000848215096,-2.406649882284124,-4.033444658411024,-13.604143765301277,-2.657719663179386,0.02111431459196963,10,1,1,Ens0016
2.5042953600175677,1.9332679664464667,3.5361470905654127,3.4966577189820818,0.2788604870145917,0.7501538953976705,-0.6751188772963219,0.05530748129067181,-2.3257722243586345,-16.407780143715037,-2.1605059333370775,-2.1301792058894673,0.01961535307590337,10,1,1,Ens0017
2.7191573463962415,0.5065590938767418,2.207101241411641,3.582062480150256,0.10241106147565088,0.6998672012565658,-0.1036040803127331,0.04493931766443153,-2.565311017059225,-3.593356378010222,-16.396967732574165,-2.048195891432703,0.017371357991310322,10,1,1,Ens0018
3.7102174376836046,0.12580061640916393,3.064514971261844,3.7577137790746056,0.3565213760090792,0.44993575759232046,0.5465570860461242,0.029324723989757197,-2.239899171750706,-4.252803711188107,-9.246325944857148,-2.635244341107101,0.018050276039529,10,1,1,Ens001a
2.608017161907628,1.8298891871911473,2.2774466820303347,3.8273763553118334,0.4772053237666069,0.32252893227152524,0.7815980158908999,0.02829487284353367,-2.111667577260115,-9.108925283463304,-3.964516756225112,-2.648643016595103,0.02407508416042222,10,1,1,Ens001b
4.063414687116165,1.511999644071795,1.4715536645222453,3.3565830392627976,0.3459653018616242,0.151246545445174,1.0386746368555368,0.010295643412592224,-3.0025583464160444,-14.385065084321836,-4.037993877513041,-2.766120531048766,0.028941995169836417,10,1,1,Ens001c
3.9537580151227303,0.2326745899147354,2.936326734676957,3.136194956195075,0.11508593910877127,0.8484557059640064,0.6827129597391355,0.024693952615272838,-2.1387495056976364,-14.41454514965257,-3.390232082172257,-3.5184863796830474,0.025801959316317843,10,1,1,Ens001d
2.8435832584486347,0.3020880568619818,3.799149037152156,3.4123926313878035,0.4552953120819899,0.5192414577929303,1.0788628054976677,0.01962434443116058,-3.8290849299816196,-14.333830745339888,-3.027575346695608,-2.792456622541919,0.02906908044517156,1,1,1,Ens001e
3.5587214049044995,0.4570565208060666,2.375175320230797,3.8075972588648086,0.16450965919408678,0.35616169611644005,0.5233202356638883,0.029083007290055876,-3.5958957046977496,-4.794393024605595,-11.94553869524642,-3.0137726507331584,0.03127430190551664,1,1,1,Ens001f
2.8822007037349975,0.9908723305200227,3.2610930093400174,3.6887092449087646,0.013027299252049998,0.885413980144076,0.9497092705819576,0.016537040027359125,-2.183315275577993,-19.406414984395486,-3.112285421975448,-3.885789779421306,0.028036164170106723,1,1,1,Ens001g
3.26848781128414,0.5157162430017256,2.1864829431865362,4.420161994235497,0.3398708182534283,0.5476188983833418,0.14168829491236506,0.03872894072445894,-2.0660311659855033,-5.7225942005377455,-18.189944156597154,-3.595613743091841,0.022730526770640858,1,1,1,Ens001h
4.124247634946368,1.7593551820038817,1.4025495437022297,4.117249420196098,0.14850526509309273,0.4279617674341425,1.2583101280480675,0.016895482426897222,-3.018925807411951,-4.778867914893792,-3.5577809487461485,-1.4951770753232858,0.017585989761221915,1,1,1,Ens001i
3.8167032235558143,1.6171121721779929,2.973168520476296,3.9039593806413935,0.46609932108891766,0.005034308605827391,1.2018492037790371,0.015611401952335902,-3.2125133995027597,-12.374434619527294,-2.4852401389207293,-2.2540223995997355,0.02504077304760823,1,1,1,Ens001j
3.3423801513714717,1.522665336863883,3.9126267310641705,3.3445611707518808,0.11025172722541858,0.8647499413080514,0.1591803000474266,0.02708512704597717,-4.021782007331275,-4.731918755371459,-6.76311364303294,-3.5303849851590385,0.03684485781925717,1,1,1,Ens001k
3.0384361398406328,1.4465481487792915,3.161402348221093,3.1900858720269984,0.38764021058411147,0.952279618400149,-0.02255656330300343,0.04236631409251355,-2.543996053531647,-5.82616302927839,-10.20302549500005,-4.239885372766201,0.030471515007473252,1,1,1,Ens001l
3.7033999909437263,1.0198537049000151,1.5552552647598086,4.034075176911708,0.3970966211188563,0.7720582063654438,0.8943846345771866,0.020082097736320442,-1.9884326020881182,-5.9601934253958815,-3.066680479218291,-2.4717699316541477,0.018690361445798522,1,1,1,Ens001m
2.5381251779687592,0.18919662365540862,1.6226797769729049,4.059902202848624,0.2030366684225306,0.29011090084351604,0.8276854645320716,0.026342229226722975,-3.1099431228850003,-10.464031687495,-2.973231899606863,-1.5109307135569796,0.015898477841216663,1,1,1,Ens001n
2.36191177951172,0.11780226141260938,2.4971189776252958,4.234195359735843,0.36726024814920805,0.9637162813274189,1.2683535431243222,0.01588273730954664,-2.1845029502561912,-7.812766145485177,-2.577488091473845,-3.1578995615559546,0.024513412417809848,1,1,1,Ens001o
4.477759861901868,0.43200374012012044,1.9140381120622156,3.502301475281082,0.29110880938703965,0.21436314396560194,0.16899137494498262,0.031619659780966224,-2.553173976695011,-4.300976409583404,-7.665224601420986,-2.3368087310062933,0.016148041952313286,1,1,1,Ens001p
4.2970870988187375,0.39583584161009644,1.9929889181930571,4.214228762809187,0.09378225227583759,0.6013650108380243,0.3778151234284835,0.03299668412021565,-3.3161617421976075,-5.051507217888036,-3.3785687586132838,-3.1857410654590343,0.02751354635712143,1,1,1,Ens001q
2.3296456876234153,0.8188856689733452,3.5234523245159535,2.941222123923711,0.0512172407141287,0.16529991873912514,-0.5438139184261759,0.05636635612838102,-2.73901845401722,-5.144894363815925,-10.056348624612752,-3.461106592850379,0.028535429607957415,1,1,1,Ens001r
2.497376908485312,1.0619006616210565,1.2122255966935307,3.732582286650967,0.08557566666683816,0.4464137001335621,0.9108984996762886,0.02560921716747166,-3.012862594347449,-11.212051846035687,-3.7573506134847268,-2.587350228728071,0.02332304221739979,1,1,1,Ens001s
3.212916439026594,1.802413663929049,3.1429031514976176,2.9788184423890893,0.28665089054824205,0.4689332509096712,0.40465275804742673,0.03156158735351783,-3.6081041792699637,-2.009557924603616,-2.5164361008958034,-2.3996886362346324,0.025858071958452154,1,1,1,Ens001t
2.6837741810665467,1.9872201753119938,2.14792142110765,3.1124883401250463,0.185354606747453,0.9967017625421286,0.5270703762697935,0.030828387570074577,-3.4496022326283153,-11.186399360092187,-1.5409386724098681,-2.0397555341760887,0.020033771748578,1,1,1,Ens001v
4.304895859991666,0.8740830524838529,2.7711304461844266,4.364366529003531,0.12913263388606636,0.23880465899221598,0.03944577175594907,0.035298550283607885,-3.423279861235983,-14.585148528743659,-4.201519545934263,-2.0442346580906046,0.025237273971879456,1,1,1,Ens001w
4.181348898331635,0.9141512491221538,3.575301242232695,2.9358085618169976,0.25648237934003687,0.03135245567187667,0.3918930143419004,0.01946524970341985,-2.2114609353538355,-14.00484022937851,-2.168226863140128,-3.3795929130077065,0.02446141408505199,1,1,1,Ens001x
4.405867909977678,1.102071791208256,2.2547837573111056,2.884483987354953,0.31169921222733316,0.5745605047708378,0.4949256808370495,0.03056525461123816,-2.305305622357643,-19.831933410455633,-3.1195118695564488,-2.800931603583097,0.022821022390640953,1,1,1,Ens001y
4.076067072944715,0.5210095571137033,3.956189638216048,3.9787626426824367,0.1726220468847936,0.6570409835586325,-0.480379426916786,0.056898013509659597,-2.1030456224250047,-19.65867903394161,-2.5777928748058625,-1.729253462186832,0.016095758613179405,1,1,1,Ens001z
2.7219918961194347,1.9407370201160201,1.2760843924440444,3.084261303378269,0.27188398808335124,0.41502178741432727,-0.11830139002326623,0.028205872493651536,-2.207291013041013,-7.120010839929311,-2.4310725360425303,-3.053942091510114,0.024249797561298525,1,1,1,Ens0020
4.237293812704738,1.6655908293631858,2.9270735114082695,3.261243253096752,0.26350232183718525,0.8522526110857725,1.171482295458799,0.020895236992649675,-3.8639020382843836,-10.390499878281974,-3.174881498726242,-2.392624543683361,0.028081422922034104,1,1,1,Ens0021
3.659783265211154,0.8387804918365552,2.7165297156311574,3.4685635119167157,0.3408247662671401,0.08704861809778959,1.2492634739952744,0.015907859592867883,-2.3673541350198644,-10.351809654393415,-3.0195971459269426,-2.795598428017828,0.02513030031129541,1,1,1,Ens0022
3.5281763181253334,1.3218899324799889,2.566602601714432,4.439613159540761,0.3744060996719825,0.240562477520667,0.8721626028562004,0.0236439725277464,-3.7041993173854095,-18.689672227580527,-3.5218936278253974,-2.6436036193819628,0.029087721537081158,1,1,1,Ens0023
2.411861445074901,1.900811453186907,1.4621401123587041,3.9373048390973358,0.3511791351427904,0.7116777867050841,-0.963690004518039,0.06730144924378727,-2.8871483102116633,-6.794224898432913,-2.8592229178025517,-1.9780898322097267,0.021273915882379823,1,1,1,Ens0024
2.618828750187531,0.3519574990856461,3.389559323952719,4.161557973814569,0.19824177136055668,0.7407578142276033,0.5966354355075476,0.027235071773013958,-2.870520848866094,-17.050182853486895,-4.459371690758668,-2.7472433705512143,0.027117991233324413,1,1,1,Ens0025
2.126671216408722,0.569702484025713,2.4186754785019904,3.3914379476050844,0.3275561525385367,0.33643636542372407,0.27249706487826253,0.03779585646777128,-2.2521246679000804,-6.3546672967924085,-4.184555173514114,-3.539686785280073,0.025676737115459033,1,1,1,Ens0026
2.9221200218144805,1.3644916312696413,1.9350832037229089,2.838524764619488,0.42825803986474564,0.1309092314457521,-0.261993687718084,0.04510735834553624,-2.315369148268142,-9.709704850346279,-2.385113280558011,-2.968030238833626,0.023893157946080348,1,1,1,Ens0027
2.0461829338246025,1.6379207482418048,3.7308928739629685,3.6032920441818423,0.008787846329987236,0.6689212891031057,0.15412158573735574,0.03809836220779304,-3.7348899313644464,-10.202583036204935,-2.551892920176843,-2.160802161527336,0.024107445674139288,1,1,1,Ens0028
2.9765235895523805,1.2716425912764855,2.295339544279501,3.822639896857086,0.23035310258563227,0.5824672725936397,-0.02019326474193256,0.03457073482835916,-2.755381636403383,-3.519443332310896,-18.80518437088589,-2.4021636540998443,0.021846704982399198,1,1,1,Ens0029
2.229673787530046,1.5558671146612615,2.6847285267449914,4.333634973873477,0.156915901500675,0.11318218279723079,1.1001652671598845,0.013962922839360393,-4.194745664076541,-7.221465067789102,-3.7326825199001328,-2.926249820091018,0.03080871348110409,1,1,1,Ens002a
2.2728524165367707,0.6739241070233285,3.651049457981065,4.276322640726715,0.44393338050682163,0.3057646764153615,-0.4113551470834382,0.043482587586422844,-2.9864531537479677,-7.932819128811349,-2.8325282213441603,-2.3300483523447273,0.026267692917473287,1,1,1,Ens002b
4.381939152225386,1.8811794800592587,3.883852159188315,3.524982639192138,0.41470102658481883,0.2786403770502657,-0.3180879278627335,0.059686190800993896,-3.4980422404571554,-15.740677411159599,-2.5742991270554936,-1.5572444282028457,0.017111410109263252,1,1,1,Ens002c
2.557109275748953,0.755675742522534,1.8667414340391755,3.172511345083639,0.48871839181617655,0.6288712582699955,0.12559762465348262,0.038941217567837,-1.8910371620054693,-11.015846614285712,-2.5812237087158185,-3.267238471864087,0.02170367941581652,1,1,1,Ens002d
2.7999870157125404,1.2067575778823345,2.4812024878099557,2.830405057687778,0.03612849010000322,0.368491279669106,0.6707294673657208,0.0237128685354798,-1.6367195874452083,-3.538864741939578,-4.515394053187956,-2.481917322178527,0.016079397573107446,1,1,1,Ens002e
3.1824020792683587,1.1802375870252961,3.3694836671501394,3.8851284555349497,0.49778692777614203,0.3960409774146974,-0.018969777144477395,0.03909557424803864,-2.6682597781387125,-6.117872082654579,-2.1180667226032908,-2.333268056570789,0.021972663476604662,1,1,1,Ens002f
3.413456221011002,1.4162697241994555,3.4722488539114593,4.301203296522982,0.04758454588471381,0.19736054542288184,0.1403637562746144,0.03435787331955578,-3.199128093142591,-3.92277973147929,-15.051319378485607,-2.3986580390742063,0.022406711183721846,1,1,1,Ens002h
2.1840692323003896,0.9440561247475445,3.71152386411503,3.649560082646459,0.43180950551017366,0.8278134875362738,0.3140477691120516,0.042733085689855135,-3.649354735812173,-4.2658055835830675,-7.868289530008124,-2.3036879215191624,0.028039362935641687,1,1,1,Ens002i
3.887898533048574,0.15313179416274653,1.664096161533892,3.3415607871085404,0.4751614914044031,0.7952521798787638,1.136611273952148,0.01613908548511081,-2.962926881267987,-11.772206974350851,-3.3659282855949426,-1.696812350629618,0.018189582328161834,1,1,1,Ens002j
3.63876637325855,1.7316170545544474,2.608141704775393,4.470357490308862,0.10553077725205787,0.7205843234080821,-0.06686224954873221,0.04225823289059823,-3.051232756576079,-4.207386127373404,-4.851801972973556,-2.2177909876584367,0.021869891469647972,1,1,1,Ens002k
3.090355279091746,0.2291039015716873,3.0366601427227256,3.305166021244321,0.06084111021270324,0.060108372323215004,0.9873966166561959,0.02407952845743453,-1.6277395433149204,-11.611796316108153,-2.026839915487737,-2.8773590638061934,0.016321069974374373,1,1,1,Ens002l
3.929624364108313,1.1583135315942579,2.868755374661833,3.682457772971131,0.13434391690080566,0.6939411363657565,1.174710533517882,0.016984603574576457,-1.5724304730652818,-14.57589199823272,-1.8870865350878854,-2.7102571838816867,0.01697492680753574,1,1,1,Ens002m
3.1421277736336926,1.8350590442731978,1.3401736894622445,3.774570960777346,0.21564324044539324,0.05431522034574301,1.2238951409681524,0.0201661536287209,-2.600860508013226,-10.158082241839214,-4.399876113173329,-3.7513330385753894,0.02936699780907455,1,1,1,Ens002o
3.483220308462623,0.6119922045786865,1.49724186357148,3.0376943835867567,0.24098958635463785,0.8011912590349094,1.393338086154296,0.015435786480806048,-2.1115850237292726,-18.036846466003652,-4.331488882647344,-3.659107855262136,0.025257373023952766,1,1,1,Ens002p
3.9868769949744456,1.500120522175543,3.0882062329143283,4.1535076882109045,0.40664155812398517,0.91037420649454,1.4383833621822557,0.014684217029338658,-2.22810152184927,-11.646330126195085,-2.143608849562459,-2.5514366259942047,0.01897439464144169,1,1,1,Ens002q
3.781958364639431,0.7158048233308829,3.298176282631978,3.2254812848376107,0.22760044971369972,0.5220483057629317,1.31096735666226,0.014657826185273276,-4.073612241095413,-16.983171634105428,-2.799780608243435,-2.6860131445405715,0.02962987838250182,1,1,1,Ens002r
3.9010839380626567,1.5210959600473752,3.7382690022911875,2.9202656437794676,0.35494680068231765,0.7562884827544912,1.2506921097297838,0.017486102676996823,-3.0077520696085407,-15.940296065329841,-3.9196992853709287,-2.5630812683011075,0.025261813624129076,1,1,1,Ens002s
2.993497645838652,1.8618686983353459,2.381121044927463,4.2403195261578075,0.3228711508040984,0.06965155133418739,1.0814945573610129,0.020844249809531066,-3.096681346643612,-5.344125842587663,-4.375917431782016,-2.7308257639870224,0.02727054710703765,1,1,1,Ens002t
2.5142759502329866,0.6520291642571799,3.1318889957096427,3.2101239920185876,0.46351200514025237,0.25737782806809995,-0.7975951069988301,0.047577040890733155,-3.1160845412554043,-2.7429845161679776,-2.814525174781739,-2.7603045980474543,0.02835436552604934,1,1,1,Ens002u
3.470600546579808,1.428003175689187,2.339551303797215,3.4540690553646534,0.005032068217119388,0.5705948227532208,0.4472846384110962,0.026220235530966036,-3.2406332864687855,-5.499008287333761,-16.24828010369518,-3.703367199966563,0.03167717544164099,1,1,1,Ens002v
3.401965302093886,0.32372839935636144,1.3204186589952558,3.297886634305119,0.3790561976165794,0.22131033627223223,-0.22979569847979547,0.0485148999258018,-3.2997432477779807,-2.239690224950736,-5.860443143013812,-2.5368315382048956,0.02943298728880576,1,1,1,Ens002w
3.6293299477384426,0.38671937554180624,3.4585104540217664,3.9894365683219393,0.11288077546229791,0.02317706515826285,-0.6695444136539732,0.047159469824484254,-2.9985865283939326,-15.006699253491268,-2.1177999909658807,-2.400542264866839,0.024269045564387613,1,1,1,Ens002x
4.267844495761674,0.44065417796559625,2.8773239735040814,3.402928472762927,0.47396963710020024,0.3543576197801158,0.39887362364869733,0.03766272784415993,-2.6685249985995774,-3.0029416602716372,-6.393996450153297,-1.6415867965883,0.017238309068282238,1,1,1,Ens002y
3.6612385321501644,1.2172062298691833,1.2378469974197446,3.3319566407542673,0.1584996517218032,0.40525320553779604,0.4469434959762269,0.027236800153924982,-2.4897041911339004,-2.6909455401589746,-14.784306494466204,-1.7653656544900347,0.013997784452271511,1,1,1,Ens002z
3.5834736699936913,0.48461074863420794,2.648575829105452,3.2731190895663573,0.40047959127860255,0.9796022153683006,0.9476330717901981,0.023474250068881916,-3.2740126220841916,-2.8693801870674607,-8.987600649305712,-2.2426089547568377,0.022920538657542785,1,1,1,Ens0030
3.358160820901394,0.10076735713100061,3.544219229376316,3.202628644145932,0.39027738260306494,0.16180353359505534,0.18028651859619776,0.039544961487919125,-2.6825506344921894,-15.500265734621113,-3.510109725576834,-3.6080264837873797,0.028001338610807027,1,1,1,Ens0031
2.9310679641063326,1.7968410826930776,2.701423648150265,4.073750358491856,0.22544033038168915,0.9863523392342031,0.6574639089447152,0.02594683085184422,-3.8789650416062473,-5.7568855714547285,-3.0680954742749362,-2.2875668555241013,0.025158294937823917,1,1,1,Ens0032
3.777797362280544,0.23719575284644961,1.8234102439574897,2.816318588759843,0.3151259650644512,0.47429203238617634,0.4197636353249131,0.03028727349554762,-3.3571248053570377,-11.079939968882856,-3.109303564835254,-3.7974189913560386,0.032955559904262764,1,1,1,Ens0033
3.044546076783445,0.5900529247418046,2.0970588761158284,4.0181087159075775,0.24223296875523728,0.009739535082131625,0.4084259018529477,0.031302947257475254,-3.48236026712224,-14.694330771312199,-4.711054665883845,-3.9218558160091206,0.036773945032062244,1,1,1,Ens0034
2.7490444676182233,0.8569138479795306,1.8097994746748358,4.227634725416824,0.033143073947009445,0.9183115707552061,0.2538666659615427,0.021818149821030933,-2.5162168781248733,-9.493119983046306,-3.291888748477623,-2.3007308215516034,0.018336805888653256,1,1,1,Ens0035
2.355507135379594,0.2749285072267987,3.0502731644924728,2.987850561525952,0.09803030162895565,0.584139995906502,0.1514246473354794,0.03873762622564143,-3.978504790159129,-7.19812369379194,-3.57613250054691,-2.1533760642795814,0.025762011160670128,1,1,1,Ens0036
2.7680279378779233,0.787687492151372,1.4294486440841108,4.493076576387696,0.28262593519918483,0.18776935220416635,0.10485658259403596,0.040324773509078926,-1.9837169566408566,-18.131886100574377,-2.654535485167201,-3.8779558389204722,0.023141224094466173,1,1,1,Ens0037
4.143852048381232,0.9331728848005644,3.423906531960145,4.361860482188686,0.34320580083084146,0.5252269590497017,0.7672551696114348,0.024877386531558462,-1.3293400065721026,-13.291289702725944,-2.9967624895061133,-2.8424636681792217,0.015030766491264834,1,1,1,Ens0038
3.864295278384816,1.4360862071543001,1.7367183840900657,3.487745814631041,0.27444942995985683,0.7078046638555824,0.251446990527016,0.03104991559742461,-1.661384074685312,-13.025938217742826,-1.5580537756303385,-2.595273112042977,0.015316337211515624,1,1,1,Ens0039
2.864160168634262,1.3594540557393804,2.0136097110122444,3.694991197028011,0.483250352311868,0.8326216917568817,-0.18732910885530563,0.042556278625356714,-1.441625390008209,-3.7585495579044776,-3.701711428377239,-1.8820219292538745,0.008608298118684599,1,1,1,Ens003a
4.415918901821133,1.2850888147973456,1.9795515734430404,4.273415231026429,0.018859682275842598,0.3789498619781807,0.42928153666752694,0.030541418659555467,-2.919185651919984,-18.21593481505728,-2.876165931324502,-1.3091486838308413,0.01418669188083828,1,1,1,Ens003b
2.4516602333844637,0.5425631885536015,1.5127395047936587,3.7991677646198307,0.3014968600478608,0.7856446416955442,-0.079216353509555415,0.039366350959152904,-2.5673337630536297,-7.671492953549097,-1.4084106887769596,-1.7880811388047073,0.01387503460703677,1,1,1,Ens003c
4.4910068545187825,0.3352410995864309,2.7341158055704087,3.83822625190597,0.02825503043845408,0.8804544089697302,0.20984059393400617,0.04374129419928041,-3.7580545145009925,-3.41027289976586,-12.422724085762296,-2.628956948346751,0.030794796158944863,1,1,1,Ens003d
4.247796910952311,0.6927986183979548,2.599586663460359,3.923569147526659,0.2927452923044351,0.7617799970684573,0.06517825096585261,0.04096462061551297,-2.1303315953922444,-5.460643401631014,-19.56062503729647,-3.8591071258301026,0.025349882508815553,1,1,1,Ens003e
3.9975247609941293,1.7253580803967081,2.4460647275511174,3.0773272391367703,0.4174367210664029,0.3861043473538011,-0.0980289587137092,0.04941104318880776,-1.484377597465579,-4.520281216184378,-11.159240523938337,-3.084855284889869,0.01820770423367401,1,1,1,Ens003f
3.749282538231928,1.7709583352950402,1.3713427502732722,2.8814860972549763,0.21241140998038333,0.9504601546227931,-0.50758598798864,0.05623819036244019,-2.2775555591715073,-4.464495123908736,-3.843574257225179,-2.7475823900824086,0.018933310726054513,1,1,1,Ens003g
2.0203343786275947,1.4911352413520216,2.996043819256872,3.602260853752866,0.2330228942844687,0.45605079423822464,0.5034550982790806,0.03151968121833464,-3.1741516441946667,-4.55912810586772,-19.65295896204426,-2.9174766876970444,0.02492649920319211,1,1,1,Ens003h
3.5411923831538297,1.0460307400826365,3.9012826396200806,3.6644750691848804,0.04147731041689469,0.4987378988824785,-0.09344463825478794,0.0438081066596312,-1.2050043534332162,-11.016031449948972,-2.090120237711152,-2.0056999247429177,0.01225494338946361,1,1,1,Ens003i
4.007203907563817,1.6084150266223587,3.952885898635164,4.110060535505414,0.18014530509440896,0.33114169224258516,0.3256123344705679,0.03852847826147783,-1.8278873155874704,-2.860895588535423,-2.929853120445708,-2.0122149429390994,0.012785204039881485,1,1,1,Ens003j
2.8027373865805565,0.44341684816554183,3.862917134614661,3.1600466344876215,0.08776040833426035,0.9331410065712408,0.4270144282873952,0.03485123787406076,-1.9460201721373527,-5.173341637187685,-3.582942341509494,-3.1382169084145604,0.02171447891900955,1,1,1,Ens003k
2.6233911952911875,1.5795718170493842,3.194101227116212,4.025339378579054,0.446595505713006,0.6873960401145742,1.0126142528653408,0.018033498663275617,-1.7074630614599062,-4.578930340131092,-19.618725073872017,-3.3554329066933373,0.021413226720684457,1,1,1,Ens003l
2.3480471767368725,0.5988013050338253,1.8914851089175788,4.329395923161693,0.058762106368280394,0.13287499156594276,-0.5168641871251765,0.051371617105857116,-2.095599399952821,-14.193724822299584,-2.6172863329207745,-3.048775330362515,0.022785753197209394,1,1,1,Ens003n
4.191593654663302,1.2473273311418482,2.2485496284078805,3.5759432816814627,0.14468829377412853,0.09519672995060682,-0.19239448091641081,0.04035303136349,-3.458865033412493,-8.41391394806569,-3.6404109524151718,-2.894381336582879,0.030532362193033017,1,1,1,Ens003o
3.083469094305765,1.8120543120863848,3.274820756921172,3.761353020209353,0.16336809278999959,0.28215363530721516,0.620422663638825,0.029099129105276126,-2.164608022121572,-4.950359636097308,-16.059299738769596,-2.7333238692841797,0.01769207715216536,1,1,1,Ens003p
4.338718892687466,1.6486051952729004,1.5997462215811014,3.0662079170736485,0.06769902529271274,0.30942807768844066,0.6971352159662432,0.029794781510344398,-2.39306032681916,-12.065920885780033,-2.838274520394355,-3.301956696089501,0.02621575690692609,1,1,1,Ens003r
2.162148211377207,0.865657216538582,2.0588132913257926,3.130893564386014,0.13112503175761012,0.058495015018619596,-0.8778264982081445,0.0676119589404513,-2.406061245054551,-3.7265614734014165,-10.558262523521922,-2.910154689920143,0.02170191352570693,1,1,1,Ens003t
2.650486834105104,1.3526163895471022,1.5403213814757764,4.44917630815804,0.1719419502844479,0.6617101232549176,1.3411258883232509,0.017192058044166493,-2.8834364168371516,-14.737400179130425,-3.8603710694642013,-4.318008263526079,0.034465969136431476,1,1,1,Ens003u
3.3149741285969503,1.2019868581816557,2.9601993275877088,3.0148492444430475,0.20162584333576095,0.10780020931176842,0.6456859908394846,0.02893825111226839,-4.200698469439791,-5.265392147850617,-13.351149426472212,-3.4602387594953363,0.03809645707133246,1,1,1,Ens003v
4.09273551953258,1.9751383206740953,3.336573455851153,3.7518613194843753,0.33286932593919916,0.6558629101468251,0.585500374730344,0.03568061193998301,-2.5270025371584404,-7.905694187974129,-4.4320773177185915,-3.665459914125636,0.02896532412790528,1,1,1,Ens003w
3.2023945862660184,1.1229559867525474,3.618516196663678,4.393583337139897,0.12623825698373223,0.8110292529975996,0.5878535213232735,0.027933742824349586,-4.546738880271564,-5.575081179148306,-11.329946230628027,-3.552835808573754,0.04011796177013989,1,1,1,Ens003x
2.4226301878318193,1.1524235156888143,3.5994511640068136,3.4448509675552135,0.2664488008516546,0.1473147031394765,-0.01874944689301855,0.04542194448916366,-4.080486414067889,-4.95688108717616,-3.6975091985418915,-2.3981607775039655,0.029236710823886024,1,1,1,Ens003y
3.801645614518784,0.1928439359907061,3.8227062862403693,4.152663809779007,0.437592334893027,0.7277803749348968,0.8908049064509357,0.025413782316070777,-2.6809021520846392,-17.035790083348232,-3.0576306989955517,-2.0784175938956415,0.02349601030848287,1,1,1,Ens003z
3.17829371501226,0.16632250653384253,3.219660782643035,3.8746149351230823,0.07478189103185787,0.5599016833677889,0.6318549650487837,0.030133094697121464,-3.7032661163928764,-8.165508086566536,-2.080168489138204,-2.0595897678388524,0.02271360651015709,1,1,1,Ens0040
2.2029831144213676,0.9828717167968861,2.169353922398761,4.4152256663805804,0.45231624680658533,0.8746483120508491,0.4499155153415595,0.03897638597462886,-3.4887699408729236,-15.69399309289981,-3.505738389454589,-3.297983493854072,0.031894485901869996,1,1,1,Ens0041
2.572368636187166,1.9135949394713154,2.9087013581492007,2.848047165638767,0.10739410708302875,0.6140734033752233,0.01955842959280729,0.040973425354071585,-2.57359854266175,-9.003654920662905,-2.262071456177015,-1.8219785074292514,0.019832725537635362,1,1,1,Ens0042
4.39806030749809,0.9612162503271363,1.3085473999317736,4.181388711069152,0.4938885696369349,0.43688955329824236,0.8399369620729831,0.024827604307132056,-3.0048219149863167,-8.660846759084581,-2.8032743173282655,-1.7628986811310607,0.019424916598262426,1,1,1,Ens0043
3.1064338523335753,0.7288058877950534,2.506196879061684,3.628203013587743,0.42212776496577353,0.5073331611491739,0.5143191416436721,0.030908764470760526,-2.6807477603469265,-5.416837508132246,-5.519237621586711,-3.654326655256495,0.02709396694416101,1,1,1,Ens0044
2.108149358241353,1.695694368445128,3.6733191349230703,3.9193229856342073,0.36925592162932835,0.2674915700191632,0.7391400893260768,0.0195240572195222,-1.8206911873288065,-9.596857467007519,-2.171413884613684,-2.397763515348993,0.0175797259171377,1,1,1,Ens0045
4.431457411514129,1.6984724990827031,2.2369737060725687,3.9651490508070215,0.21972444729580357,0.7462981743430719,0.3016250063582757,0.04043349057672278,-2.2120642804456514,-3.5649964435924257,-3.046106071109551,-3.3777054248686658,0.023825224867773144,1,1,1,Ens0046
4.05056308567524,0.3133712870760821,3.6403100983977312,4.373924185800831,0.07037335984079504,0.36571235886868086,-0.04870654950558484,0.04051619017762731,-1.3456877521066213,-3.697678367967599,-5.533210860818249,-2.4217704395159347,0.011705058424004183,1,1,1,Ens0047
3.969563974761404,0.6315365036086179,2.0376924825172873,3.4310287626748903,0.3618483059291291,0.5613650801097975,0.24467970295468477,0.04672920621976137,-1.5441647247198276,-16.908247209884458,-1.9842719266989177,-2.565982281347395,0.014674971996191466,1,1,1,Ens0048
3.615701741152443,1.9059374982693233,2.521029977367818,3.621463178538065,0.37655559196204635,0.9399097353294492,-0.42282350278111386,0.05485363093027539,-2.318781410607835,-16.227160459498123,-3.306158781587101,-3.7017200732035507,0.02632488469892324,1,1,1,Ens0049
2.6754269737377765,0.9412238555197604,2.6151034714210777,3.908856553771254,0.1199929639045678,0.24714429530873894,-0.5489396581267338,0.05978009444824712,-2.033547689430673,-12.579612387726044,-2.2323955075693123,-3.4153526645582515,0.022956395691249704,1,1,1,Ens004a
3.792097179181874,1.2680903870775364,2.0690879519961776,3.658612201433815,0.4381602455411835,0.2743948446726427,0.17749251550392128,0.040890127483136904,-2.5775284993407817,-14.468467172097993,-2.9796931140683784,-2.28739866336906,0.024112964015064877,1,1,1,Ens004b
2.8953904329077345,0.5852785900147631,1.3935777878470719,3.5324237314037976,0.1087120892932079,0.1586026897095144,1.080385783429628,0.019770431845107454,-2.684693614735626,-17.01267194885131,-2.6121431268838102,-2.7723214030911194,0.026257023978347255,1,1,1,Ens004c
4.1015919159748595,1.108815511765145,3.482628845464438,2.993845281478297,0.06419047778461204,0.7833885309658944,0.6776819575761311,0.029470897587557294,-3.6088824895712617,-13.225896530671125,-3.3083542352266178,-2.113224281159409,0.025277270096100535,1,1,1,Ens004d
2.4899019457935356,1.4789121444180606,3.0747799111604692,2.90517627355624,0.49880855871108437,0.017593568900600078,-0.11041666488055307,0.04298772048358179,-2.033192377638785,-17.220325037631127,-3.6128018159854376,-2.583002861441253,0.0221510214834064,1,1,1,Ens004e
2.051993530150503,0.21223719637030736,2.5832567267265167,3.7869036968883125,0.2481958258163427,0.716124658839777,-0.8068674169486885,0.04654069593138406,-2.8611395127695713,-9.25377975086422,-3.555645160908732,-3.1860485016006823,0.02612167559805678,1,1,1,Ens004f
3.228101586510893,1.67471786999451,1.5654883335366845,3.588921319842525,0.3955355882027402,0.5368735321685673,0.6592443537828554,0.027629101701557746,-2.3847187684319833,-3.246861588942446,-8.129371935449555,-2.018850155513399,0.01621821873176875,1,1,1,Ens004g
2.5922405242570674,1.574334591688309,2.9232186604674903,4.347991218747757,0.035409690786803984,0.8406145720928907,0.9055081814571343,0.024290614116539107,-2.8656187615926725,-11.226607391300485,-2.603947474385028,-3.665416463206943,0.029026818143121524,1,1,1,Ens004h
3.4440196041879245,0.33667863550232724,1.2238654689315707,4.198970165989175,0.46876686627009634,0.6418751145340502,1.201659914330856,0.017752856734822825,-1.1834471756653986,-5.0962477888929785,-1.8330241697710536,-2.447906606882881,0.011414249021699381,1,1,1,Ens004i
3.491093072379008,1.463808752103336,1.5281343626532702,4.086058817912917,0.4032553126624718,0.03200446011777967,0.6456072155247012,0.027788401505907116,-1.8778084442641922,-1.6547492687237302,-2.8727354033821455,-3.233604060089515,0.021261284712270255,1,1,1,Ens004j
3.591139674712904,1.0801729710872285,2.174685943150148,3.265708750437666,0.15247631958044466,0.9445178613085299,0.5863219415436891,0.02847800938782839,-3.3925652792757535,-17.296111994835545,-1.8656361001917077,-1.5944429912670854,0.020775268119068838,1,1,1,Ens004k
3.7389183301548474,1.4083318246037702,3.9276339192219076,3.329173846154101,0.2941878389598546,0.39358040325529875,0.6967406138667781,0.028523094648578124,-1.54772030959064,-4.294045769028545,-17.33867867839262,-3.0505570477201407,0.01988660368818696,1,1,1,Ens004l
2.9807658130093477,0.9104140250551513,1.8726131923660634,4.092319273159094,0.48509868354441305,0.3151279549403116,0.20652920745425946,0.04161302606803704,-3.4909276156651465,-13.746494741439657,-2.972634696096599,-1.195708316243539,0.015488193011600421,1,1,1,Ens004m
2.9029335479461587,0.39951608311869213,2.813912105594203,3.3773949965481647,0.2695039069855398,0.5975373182371259,1.1269179023551512,0.018389740157313306,-3.9267702122375923,-3.2212917974751605,-10.849024379310736,-2.268556914999677,0.028263414048078687,1,1,1,Ens004n
2.7031660205940717,1.3795695458280857,1.2882756430134177,3.1169952299051915,0.010824993693097308,0.11011329870950431,1.3066258111211893,0.01707363115996206,-2.006489823980944,-7.637301858333909,-3.530641273326612,-3.530049978706669,0.023190336959313725,1,1,1,Ens004o
4.213224850038532,1.2271040047557094,1.8470593428067863,4.012665790860634,0.30974372032148156,0.4657153652124107,0.24864783703455534,0.04186488134510806,-3.8523516010409353,-13.77386260295147,-3.8097452070851086,-3.4324337497317847,0.036242374330716226,1,1,1,Ens004p
4.047549176698086,0.8095920338454656,3.8526436754044138,3.7002289666343477,0.4407745605655901,0.4023271200498566,0.7619517444791667,0.02166233145663982,-2.9089545137125463,-10.321680188680592,-1.9110568213463353,-1.9688435148662276,0.02005085567116396,1,1,1,Ens004q
2.2495714395307003,1.307755913211778,1.6340478765912354,3.4735843649598768,0.4600065851486193,0.35049540953151886,0.7793193128352761,0.02604810607298124,-2.499575360925553,-3.5930914568876284,-2.72195755321615,-1.9666670890842262,0.01969125429544738,1,1,1,Ens004r
3.8491529180225914,0.14463199693160134,2.981111720471084,2.811966126687918,0.1689613164573197,0.18202025226689875,-0.4656520498086622,0.05521952300648101,-3.201692823363986,-8.509527622612701,-4.5401588800137365,-3.9416011839757368,0.03585338993928449,1,1,1,Ens004s
3.1386574785341512,0.49063206232367085,1.4378878665193915,4.135572905583307,0.042824493201429024,0.44122644601482897,1.0116259335742734,0.02164995968284425,-3.072376889911646,-14.961665835602277,-2.514650463350248,-2.6419646157747803,0.026571673713055535,1,1,1,Ens004t
2.0356185056827965,0.9744009360275231,1.3474562480978667,3.8654758359488097,0.12009930194548174,0.9652580056004226,1.2277084882045226,0.01734310605270282,-2.7710077277862717,-13.002414123931223,-4.053538271581047,-2.4835529045714413,0.024449227095894338,1,1,1,Ens004u
2.642959622100461,1.749063183652051,3.552447946065291,3.238809782781638,0.02364381151550878,0.3261347920484841,0.6566279908330785,0.025574730929170585,-2.6767891522041287,-15.547695455032459,-2.8636840746004486,-1.7056108475150222,0.017393059997900463,1,1,1,Ens004v
3.689078606974799,0.1083984054288827,1.658167281058803,3.508824753996171,0.1463187767950588,0.6056000452032313,0.0632264140890908,0.04914309846352819,-2.2174510175854403,-11.970863064064414,-2.6957326628435463,-2.1527244117242206,0.01484180001343616,1,1,1,Ens004w
4.259337546667084,1.146085593941901,1.7527015667729078,3.1456785776273346,0.4129332666940444,0.8621504599358887,-1.3762197568455226,0.07005060177645864,-3.0452211352355194,-15.297432727422065,-3.2457831248685425,-2.1790083860727902,0.025666708187681277,1,1,1,Ens004x
2.2505030801100654,1.1894358092058452,3.789951394347101,4.249331954258866,0.2735739182607952,0.8955737446798012,0.5109015038001183,0.03580565581598291,-3.745035089143772,-8.724350081854523,-3.753244416695696,-2.463904116179193,0.02799233659643296,1,1,1,Ens004y
3.39049001082778,1.5875254793756641,2.120907474461943,4.288526911396254,0.33615188469129503,0.8054687052806839,-0.6013051447194655,0.05206819423956574,-3.1020549895584284,-4.725286149434752,-9.365865394123965,-3.112532444984314,0.028014028312201393,1,1,1,Ens004z
3.5069171958602965,1.3397966957199388,3.69973978044726,3.7691679560542104,0.23462551498528936,0.04370732119306922,-0.4400654410912425,0.05019465250736291,-2.8093831549191504,-17.89972521879361,-3.2980847641742215,-3.6380349652344295,0.029631741357631813,1,1,1,Ens0050
3.8542709057265894,0.7484892739180475,1.7849434569146485,4.46317755951155,0.188985550662098,0.4352924482403323,1.2728398543991242,0.01756998690600287,-3.0573690761292864,-3.039928942199179,-3.3413307216764156,-2.509919705364234,0.02495296092722648,1,1,1,Ens0051
2.392755325145554,0.5390999489156529,3.514185120711475,4.407468103585858,0.19412447801889796,0.12556872950866818,0.5542955820698183,0.030401464623787046,-2.2718650177137283,-9.145093186214288,-3.1261034756834407,-3.884718247388138,0.02554530131509626,1,1,1,Ens0052
2.19015600300394,1.8479992721498015,2.3433450836613776,3.018467158275377,0.2883846019756259,0.171332601740025,0.5615863622176244,0.02848811365597173,-2.072437004473127,-5.159583789598661,-11.724238936363149,-3.928912033051952,0.02514901026486117,1,1,1,Ens0053
3.0275197376240977,0.41719018349377435,3.0106389871157706,4.174802560156676,0.4254528813215453,0.0907190547278151,1.1643459517148476,0.019331280080594967,-4.010333799550338,-12.198342285427461,-4.204717107227157,-3.0140206978532365,0.03405593700214238,1,1,1,Ens0055
3.051995892811101,0.7058570212129504,2.403740491690114,3.0878321960494852,0.0012137510318703019,0.9121706604920328,0.8081866344536885,0.01674134521124955,-1.5033775978474697,-10.575756403590315,-3.668910006046529,-3.0454877193181127,0.01676716079228108,1,1,1,Ens0056
4.369036505762487,0.6604434113546275,3.123207858274877,3.410047961639613,0.2558220519833431,0.9814448586432263,1.0225280487090893,0.02044578593520761,-2.3500355031061773,-3.7633163083324797,-15.385091842143982,-2.208240677267601,0.019482271592749366,1,1,1,Ens0057
3.339641290951986,0.8808032009419055,2.846309012887999,2.8934923824141734,0.3534377754788065,0.6725044622700662,-0.04179875240897857,0.03975953580867705,-2.9200484417548744,-5.178316932212654,-13.226493986218014,-4.149597850398584,0.03322233100523418,1,1,1,Ens0058
2.822261115510482,0.7421712570146658,3.9691411752276125,3.8474241617974823,0.3121366818502179,0.736188491769135,0.8520473926552097,0.0294772432658769,-3.107784152198351,-13.10159849170514,-3.3839031795317016,-3.615699708720693,0.029802730582649192,1,1,1,Ens0059
3.280695214807056,1.959751791814994,1.9484535074353215,3.288927028941363,0.05790833949314068,0.2187209873404354,-0.08730923361192339,0.05836968359255203,-3.6529691426243183,-16.35665784028955,-4.351933163652503,-3.8853638595221094,0.03578282593602928,1,1,1,Ens005a
2.3309305292321367,0.25371985129835084,2.4410637278497216,2.867321300310176,0.3828756992612208,0.6279251734083519,0.9974417270731387,0.02142619941056433,-2.957562306104937,-4.795896667745891,-2.391979929333252,-2.125458382440491,0.021998821488814962,1,1,1,Ens005b
4.328848177574109,0.22100663467794657,3.3126498391721393,3.554350797585025,0.20843960089737223,0.28438694771658635,0.8208639469804642,0.023764382122331347,-3.870779219940265,-18.102050871357214,-4.274415200699539,-4.204077271368153,0.0395655258729349,1,1,1,Ens005c
2.5479124297667295,1.6258816718948075,3.7724997369036073,3.0465911836738697,0.47014567075937685,0.7657732833130285,-0.08158294424364326,0.04625878348713428,-2.6321772039851106,-17.99265538913535,-2.426991167422903,-1.795536080566095,0.019545776985685933,1,1,1,Ens005d
4.45174876781879,1.0187016484644262,2.7362725591745223,3.175656508952379,0.2293541281748482,0.2288950783899054,1.7697321255494065,0.00951943834930629,-2.081212474325323,-16.13448148358426,-2.7204208561100574,-2.317484763594488,0.020002791435401353,1,1,1,Ens005e
3.9309091759589503,1.7921041638436728,2.667256533208862,4.045928180047125,0.08947944078180911,0.0650859442949295,0.953734473996742,0.02592992204052577,-3.1266851117030794,-4.795063737299554,-2.22898386088589,-2.741550505937576,0.02280904332092176,1,1,1,Ens005f
2.442023440855555,0.475244167168811,3.2366119128622115,3.9501435684401542,0.3479105335755437,0.49539762576203794,-0.11911898581787711,0.04862990019802671,-2.8001727493516846,-4.496289929298362,-3.5047511467490553,-1.850010451970019,0.018963036251169893,1,1,1,Ens005g
2.149374930812046,0.8350358722019009,3.412823203084245,3.731480077535659,0.09971128603814143,0.5543697488782928,0.5139398287730781,0.02949492449453186,-2.8602007469104276,-11.601043442233653,-2.4489978546938898,-1.0522168874827753,0.012612636902506974,1,1,1,Ens005h
4.1515347557934,1.9986274268395268,3.1749417985785753,4.304851544667501,0.1386294635540245,0.5124867250109092,0.14157898984150052,0.03812729765711246,-1.593843809767391,-15.355944608601583,-3.104883929241134,-2.960652411871791,0.01714322909575388,1,1,1,Ens005j
3.7237094294955027,0.4092933572350069,3.493182602478564,3.615507717561349,0.055980089480101705,0.972031894932501,0.03669101101784106,0.03742174767124938,-1.9211022624228566,-14.040597311747797,-2.2434494031076264,-1.8477525336864924,0.015607203484455023,1,1,1,Ens005k
4.449407024402172,1.5629492697499694,1.9633051217250526,3.366726301522739,0.08287093215377202,0.8704221707507968,-0.015695125088752482,0.03727718377387462,-3.3717642345556778,-10.499211364192025,-4.235500183006721,-3.2361550086369495,0.03200769763051187,1,1,1,Ens005l
2.522184632215649,1.1356161865579897,1.5184835203014313,2.9576548479191027,0.237597314517005,0.22681936372350903,0.180270754651297,0.028221513646460514,-2.6668648015519065,-4.226671352322262,-8.461276507788693,-3.5646560375081298,0.028316048580942534,1,1,1,Ens005m
3.243318096466828,0.5730001196360215,1.2490308016061782,3.7085243950925766,0.27623257677666185,0.40900028095114976,-0.0427380402923499,0.035408731850146265,-2.997504843335038,-19.559019418463354,-3.4744476704445324,-1.6026603472168393,0.01847568216796439,1,1,1,Ens005o
4.317666903948412,0.370501006051153,3.6924842259500172,2.9143854234077033,0.17695713193019788,0.5949668318098411,1.0074890197095856,0.023121284035734973,-2.6786016425205768,-9.15278148525729,-3.5584316697047433,-3.1058697005659477,0.02844923885973725,1,1,1,Ens005p
4.01984936166089,0.46572926918501034,2.157705735887587,4.041697411369346,0.48676561093603915,0.9237735657813028,0.47822592820782084,0.032090709756928314,-4.109300785568048,-4.302752849127618,-5.4653746726946055,-3.151737689674691,0.03539621740676956,1,1,1,Ens005q
2.402448793284129,1.2558484283093363,2.6934455241121356,4.191982936430257,0.450145976882042,0.17708902905043214,0.42184250260547557,0.02916332717953882,-1.9572013405899888,-18.351694184026265,-4.0563903632679175,-3.539678854070297,0.02292414656901476,1,1,1,Ens005r
2.6377970251743683,1.3844297912129202,3.9960428714346135,3.5645606564425862,0.3993773063435227,0.4617569186240435,0.05431393691481726,0.04446030203757523,-1.598315799787052,-19.23252812531433,-2.3039114024559497,-2.8463980368692994,0.019358097222590014,1,1,1,Ens005s
2.2194526413758284,1.7562442463274113,3.2098202904179685,3.9343519245224075,0.16191214500710926,0.6900246566040442,1.3124624607262934,0.015596124652889735,-1.815747453947016,-3.7553405985317903,-13.921371096524911,-2.577310007332738,0.016814625000452957,1,1,1,Ens005t
2.737264462010935,0.1704955522211269,2.7526828891165556,3.800877768656518,0.2855251317934191,0.20195736244134607,0.9656364862348407,0.019142785394480572,-3.08909183110763,-5.839753129514285,-11.23626852546623,-3.747811112529672,0.03305312591748883,1,1,1,Ens005u
2.6607186618796552,0.13073927274476738,2.042789045576006,3.2152199976143425,0.3307899391556574,0.015974439134821296,-0.3850872768599824,0.06288819442124993,-1.9777586285349646,-4.516634137416996,-17.048280209880325,-3.2120316350409164,0.022460289247709386,1,1,1,Ens005v
3.6470369135006333,1.4413758576968685,2.900865872177854,3.7808792470874266,0.4195486028152925,0.5326886544581503,-0.2939400838839657,0.05121750394215019,-3.311715373546871,-3.2667547623646445,-7.737932015775579,-3.0237289995459067,0.028785705210082314,1,1,1,Ens005w
3.0174565856298434,0.7981203068828209,3.750331873701885,4.217311728985514,0.154212892062415,0.334410054191947,-0.3340931606058632,0.04099463596179916,-2.9663848905345223,-12.167948466424143,-3.4550960554067123,-2.812954910507567,0.026468882398878797,1,1,1,Ens005x
3.115664489173796,1.6546664576641286,3.0380491374824197,3.7404624746210873,0.30683242616360773,0.7964538468904794,0.12912919396524047,0.033740003486872526,-2.0776442058793956,-3.3459167173809967,-11.391380221387106,-2.4060182308934985,0.017034712676214907,1,1,1,Ens005y
3.8926963274274025,0.5283519483939745,1.829032818356529,3.1818962325727567,0.47989047858278394,0.04573935242276639,1.1345388832730723,0.0195737422023411,-1.9172812212815495,-4.571055079808661,-11.928447641623515,-2.834870415510787,0.019555468140496177,1,1,1,Ens005z
4.168951520358678,0.9722055445251986,2.5428320991143583,2.8680411781560626,0.4349764096415634,0.13883052045851946,-0.1307865858634309,0.03769476109770274,-1.6535689255921233,-4.352580886821791,-2.7911785973235195,-2.9789972980700687,0.017738233769989405,1,1,1,Ens0060
4.374331599073484,1.4688176790004595,3.43985918812342,3.46206822731914,0.18398038662259625,0.5039798692539335,0.003959288602266131,0.048588634397328974,-3.58342253944178,-19.234032967388345,-2.8245397602255906,-2.291861342783338,0.025966559195625672,1,1,1,Ens0061
3.2906932158465496,1.9300298712714574,2.630830898625776,3.6372001484467646,0.06348251332668904,0.8175904959151522,1.0473431776252486,0.01794517728932453,-2.5525704807890888,-4.75721772910229,-18.536746873801974,-3.0164554414085725,0.025474481469846013,1,1,1,Ens0062
3.3022616827790623,0.8240857212180271,2.461301174119115,4.0102062858958725,0.1415516360922103,0.8281947468696161,-0.4479189158745058,0.05173791242511058,-2.6747850725232696,-7.674686325426064,-3.717732535801032,-4.007494605047636,0.03055230191909016,1,1,1,Ens0063
2.151005637217313,1.4056085604101423,3.3420557522486893,2.821627770475484,0.20654960259945274,0.30104681101627645,0.8590794824988934,0.020081251502439293,-4.186631693241074,-14.294073576311627,-4.197047292831428,-2.227234955209432,0.026408043505618557,1,1,1,Ens0064
2.9464982136012985,1.286754794447124,2.831079919039085,3.394924791694898,0.32432190665379473,0.3456012723892927,0.6112101945600042,0.03020641629460322,-2.521523330499221,-13.314804182141653,-2.077830549374023,-1.2127309380955422,0.013767371219520538,1,1,1,Ens0065
4.4802896685921585,1.9845732018741777,1.804237275231257,3.840472260591108,0.24496538517004493,0.29431030896306043,0.682422323624082,0.03496488447556421,-3.12697325265695,-3.322662521575845,-16.0724015503456,-2.5573079428580785,0.024502038353768154,1,1,1,Ens0066
3.38014355549356,1.1126182601247916,1.9043339324191213,4.49504496490974,0.03919999570501102,0.5794347460791469,0.8863125033408485,0.02203530976060431,-3.5577449712608247,-3.831040795063129,-8.822791807236236,-3.0722494865810432,0.03056215119575053,1,1,1,Ens0067
2.380519146593288,0.6979613578462041,2.210203431533277,3.5206689532335846,0.4213913569291583,0.9598082965295761,1.4828518724213366,0.012301402346070637,-3.260894118202412,-5.572551606971531,-15.519172767825795,-3.4522764154508656,0.031980346579973645,1,1,1,Ens0068
2.8742813439108432,1.5416444798083044,1.334235196654126,4.131164626653492,0.1169607756838915,0.251813456508331,0.11569470827020856,0.03804182864778918,-2.900251690979332,-12.9920537330907,-2.605696082078426,-2.4071347445591096,0.024855594578411085,1,1,1,Ens0069
2.966131066964008,1.0570295618300325,1.5793873849201947,3.423438644934632,0.025163378605292084,0.7548800686197356,0.912110395891308,0.023758405637084243,-1.062614647145457,-19.848559112301686,-2.136325499539147,-2.6285070526787178,0.012010387735613515,1,1,1,Ens006a
2.065605939948,0.7337380128691904,1.2897195016294718,4.120965681345481,0.3647078821603125,0.3820553218498826,-0.15324179411112804,0.03604885923949488,-2.3887005183859125,-10.926340340398502,-1.957188957222825,-1.7677188182658745,0.015190017206506208,1,1,1,Ens006b
3.8336876872484575,0.29232945775650443,1.678033755044639,4.083257800152432,0.3497030403575061,0.3639857509508729,0.11484191835596097,0.04316534028147164,-1.6100682058591373,-3.442694578423832,-15.065639954238218,-2.6601552856546644,0.013604564037238333,1,1,1,Ens006c
4.270956529336981,1.0096902472930962,3.2517894938498735,3.055427377815824,0.4456499050099511,0.6106948587065563,0.5343350441781748,0.030768046977035328,-2.9867611727147834,-7.04452197440354,-2.3899873316766103,-1.0567841406401366,0.011135697347642028,1,1,1,Ens006d
4.1195235048886385,0.49597002134853974,3.7818137793995437,3.1198683069910853,0.006452714824469575,0.08357975973654538,0.866880602871716,0.02450241173746169,-4.129261015152323,-10.437261125885598,-4.232937329122809,-2.8965195528048664,0.033357858093372744,1,1,1,Ens006e
4.085788278523832,0.24786247125705704,1.4550132136870175,3.8927521156317555,0.10065128390779124,0.27076394628640266,0.9028077500367899,0.021248649019896516,-2.5050576229383936,-5.729182126008288,-9.949150202608067,-4.031228886867882,0.030445580359180394,1,1,1,Ens006f
2.788846667937469,0.7666340660123154,2.027769305009395,4.2932304768542755,0.2611386878329975,0.7358378476742655,0.5746551128875457,0.03346322421594442,-2.0873821926750113,-15.402541958348237,-1.3809543488146505,-1.7727591129402307,0.010116867091861895,1,1,1,Ens006h
3.060817992265802,1.876082854556665,2.323349475365132,4.378244228677358,0.49046301765605405,0.6480910851825029,-0.10217647039410394,0.03530109636941818,-2.240714460609532,-13.657146234150115,-3.4313933762749866,-3.3184202374591507,0.024545560274545006,1,1,1,Ens006i
2.1370114700775593,0.34969964877357707,1.6386842622153461,3.3142284830149262,0.1255531204107072,0.888001408954151,1.0535623570215897,0.020461443264161695,-3.2672259741962324,-14.73436425604039,-3.5126572595637713,-1.592735401865431,0.016579569509756448,1,1,1,Ens006j
2.564831609253306,1.66934712471636,2.3960271075151858,3.653490047857817,0.09093199595139642,0.4872773082042113,0.46874709019461874,0.029601372718117136,-2.5987243168364995,-5.466936895447551,-14.284972731674879,-3.6679928320611728,0.029095987971030742,1,1,1,Ens006k
2.471057038391009,1.5989787325670943,2.1360410933598875,3.255491628328431,0.37099962460557634,0.6797217862745747,0.5863604599431121,0.028367108268027203,-2.786871640844936,-12.08600211804892,-4.033458832542617,-3.960808194766556,0.030211827648395712,1,1,1,Ens006l
3.4506131408666256,1.2384701045303605,3.8906719909396017,4.311879134747106,0.4618481838787552,0.1174750264864415,-0.14233955824615263,0.030837388505952718,-2.442892985496491,-10.672889480341878,-3.1346264233191836,-2.07158927113315,0.019312046629636016,1,1,1,Ens006m
3.9785058365226726,1.782747605377063,3.327815443594381,4.338082099896855,0.31652293568746714,0.19353681026864797,0.713261888168368,0.030732932022049436,-1.8848552217100754,-18.064484743499754,-2.6506767392237838,-2.6384227137870213,0.020233054300351085,1,1,1,Ens006n
3.567502018455416,1.0400858899047598,3.8738169419623905,4.428507602720335,0.3888162604528671,0.9062579081328586,1.014597724399472,0.018399193952453787,-2.8617725430767127,-4.148524400632253,-7.324038509283641,-3.346487738465203,0.02967400264635954,1,1,1,Ens006o
4.223650807635859,1.8895156536007298,1.4212328898783773,3.147856134002097,0.29872939832958095,0.5430700038280338,0.1274541702791746,0.04187135193829085,-3.1256924239180157,-17.646167346270488,-3.849619735208053,-2.740156666351668,0.02761504424482451,1,1,1,Ens006r
3.5345948121510444,1.709951640003547,1.7126743847481904,2.9991337806662544,0.22132105063436971,0.1429341515703127,1.0894459932110936,0.022422771176653096,-3.370735454328276,-3.7591019228543736,-13.114983688148824,-3.035075988582824,0.029557477249473954,1,1,1,Ens006s
2.8119103288440965,0.6182879811292514,3.504676759883388,3.0266110681951974,0.408630769754622,0.7775967109519989,0.15917717405939324,0.039368496321353044,-1.7871785446003805,-15.25387462778423,-2.1579381799143698,-3.329535302606816,0.02045282595175602,1,1,1,Ens006t
3.6713862663018517,1.32455061014751,2.2985114120431245,2.858762325223256,0.35928909193781416,0.990649232991971,1.245843559132077,0.017620502485937634,-2.819331235425479,-13.684660849432797,-2.4606381860333904,-2.8081707991222196,0.023478078634419367,1,1,1,Ens006u
3.7633316662884315,0.6437092622148805,2.549938262665272,4.259979984815139,0.017399888108991273,0.07224792777467519,0.22237256863493476,0.037416466438726405,-2.109129685806433,-10.825319892662598,-3.526718525846831,-3.968854239929291,0.025910812637085903,1,1,1,Ens006v
2.300773147193249,1.8217998945240863,3.5684863823257382,3.8550639525797217,0.04464416929086968,0.03802421294990927,0.9133659545595094,0.02460986927772705,-2.9103679868796286,-3.4774521406442003,-5.207528451690219,-2.6969760797636915,0.024597699408384868,1,1,1,Ens006w
2.2867735785385594,0.18196809907695277,3.630210975404456,3.4866092809933233,0.19401077153275348,0.4535459417924285,-0.07194832992640443,0.046377318688817074,-2.9550089451844417,-19.246327418105746,-4.092805915926618,-2.7743863603812158,0.027168021453498795,1,1,1,Ens006x
