R0,TE,TP,TI1,TI2,nuA,ns,p_home_weekend,alphaTH,etaTH,alphaEP,alphaI1D,alphaHD,alphaI1H,eta,deaths
4.051696875,1.298830801,3.033422431,4.366144125,0.385722081,0.245652592,84.07678915,0.724730882,0.10259506,0.047753582,-3.231749049,-2.954389191,-7.846508504,-1.922857787,0.021214232,4394
2.982344886,0.573250652,2.551036625,4.49452523,0.347418384,0.392170587,25.8631898,0.050683308,1.643908481,0.011919881,-3.524546872,-11.2739609,-3.803453527,-3.271146569,0.031448649,111
3.503315571,0.239680987,2.90249301,3.02749384,0.152186198,0.933791643,86.19900112,0.536581244,0.291594064,0.037549983,-2.458625305,-3.527228372,-15.68499811,-2.617848392,0.019604622,18832
4.178389708,1.222901321,3.249925704,3.380651592,0.034025003,0.238369382,37.06886477,0.023862922,1.538175632,0.011308248,-2.794863919,-6.722707989,-4.519353038,-3.795312039,0.033075306,5165
2.528103195,1.521997412,1.561542111,4.028972627,0.108235236,0.982897469,67.78785691,0.261705345,0.7319871,0.03289529,-4.022057316,-10.1366171,-3.424038457,-3.335090357,0.035745433,114
3.148180499,1.707031396,1.622654298,3.699372818,0.32094575,0.362221833,18.98468619,0.675443707,-0.390197581,0.057582475,-2.292362816,-12.47275468,-2.763412376,-1.69800635,0.014389694,41
2.075182322,1.667518168,3.131708603,3.341350122,0.417310897,0.537793366,70.36521109,0.148964258,1.084304284,0.020665728,-1.678945631,-11.77606202,-2.340062769,-3.046004433,0.018785192,78
2.622069052,1.43296125,2.214641239,3.199211849,0.044417269,0.320173983,19.63673241,0.450696912,-0.474655228,0.050361297,-2.696645656,-4.587350071,-2.233287134,-2.588942151,0.023934736,510
3.909197506,0.715983784,2.985731829,4.400338954,0.224370744,0.958389078,34.43821693,0.876510527,-0.474086061,0.061682867,-2.395139293,-5.079076509,-3.052243202,-1.850846467,0.016797057,726
4.26939569,1.782178821,1.367932317,3.437597531,0.191072936,0.615563949,57.15991846,0.834128212,0.145539504,0.049141034,-4.091448755,-6.92806984,-2.744517635,-2.539872685,0.029912438,2330
2.448474233,0.451714274,2.207054957,3.53107351,0.390898763,0.768526164,39.52836981,0.006521469,1.198613414,0.016488097,-3.814513473,-4.798270109,-16.12345688,-2.955824447,0.031740622,376
3.191528723,0.202899122,3.169258598,3.652180421,0.017213713,0.025717436,80.17925817,0.229071761,-0.717160094,0.048041638,-2.516601023,-13.35662813,-2.218643169,-2.77529802,0.023479025,8970
3.786248232,1.84794807,2.041412272,2.901583022,0.13527774,0.644351001,47.13300077,0.065151473,0.550272544,0.024854476,-3.114887481,-11.28109429,-3.389700464,-1.861375017,0.021584886,877
3.876715366,0.663952952,2.368771937,3.634520178,0.378680803,0.813601231,80.36642627,0.909411652,-0.493273908,0.046158724,-3.519131122,-9.15617925,-3.176451264,-2.525381566,0.027819637,3025
2.393218873,0.496143692,2.77947475,3.373039483,0.203654778,0.186734705,97.66682998,0.382450002,-0.052866195,0.056931563,-3.040438754,-5.747260587,-14.08836959,-4.132968766,0.03506419,2329
2.030426192,1.062152098,3.576688286,3.857396743,0.179394559,0.886129638,52.34681578,0.255355864,0.622885109,0.027821579,-1.277542901,-4.030432067,-8.245695114,-3.121001912,0.015111526,128
3.319676777,1.98944748,2.632015031,3.960849564,0.365763586,0.666299699,41.4910001,0.967606708,0.739631121,0.028103402,-2.168816775,-14.06691474,-1.956195665,-1.977821394,0.01768789,291
4.459571181,1.404497364,2.151039042,3.450479198,0.357120199,0.701313274,63.40923918,0.215019478,-0.480001779,0.039516014,-4.056839585,-18.41022798,-4.24565834,-2.351073415,0.030572951,1854
2.233362403,0.899758257,1.452947029,3.086118075,0.09785662,0.092191653,64.46072335,0.630982922,-0.633617761,0.053857294,-2.441885162,-17.88402084,-2.758233084,-3.036938153,0.025170274,1510
2.159458816,1.763398811,2.488995093,4.352665622,0.270902946,0.829827867,88.22106745,0.100799507,0.016475573,0.042140745,-2.991585749,-7.605119111,-2.229784331,-2.867432607,0.026447054,105
3.639286372,0.369867108,1.239866281,4.289255406,0.407056339,0.136616851,43.03542432,0.19078164,0.534966204,0.027742504,-2.555564289,-13.71836834,-1.419427487,-1.242452391,0.011614596,10845
2.265809811,0.269763223,3.379890887,3.609207251,0.308665584,0.476251132,32.02401357,0.752650725,1.341442136,0.011355946,-1.895074403,-15.18059479,-3.125807088,-3.731071942,0.021461975,48
3.996368373,1.654221392,3.678176476,3.237584221,0.478510483,0.864929732,66.46758372,0.65528951,0.448146669,0.024647165,-2.848320791,-8.499196121,-3.148121923,-3.726864252,0.032150128,1163
3.413485224,1.88007822,1.258399404,4.096986217,0.050282155,0.355853512,77.17700643,0.12264089,0.582739757,0.033196236,-3.179933369,-3.775091558,-3.347299752,-2.461494416,0.025648025,5030
3.277389933,1.618970111,1.894760921,3.837644274,0.442280749,0.117302613,94.67336644,0.583097366,0.632705598,0.027910869,-1.878661524,-16.03314413,-3.614091052,-3.757162781,0.022752708,544
4.041591357,1.390591345,1.421910379,2.996974418,0.426880725,0.156834287,30.0465096,0.551823267,0.397439875,0.031635057,-2.673594056,-16.30339599,-1.634815736,-1.681669585,0.016772132,13267
2.833024596,1.497690243,3.999401436,3.999476955,0.026250765,0.724131602,83.60273395,0.897289418,0.918229371,0.01732034,-2.128358232,-13.22697085,-2.364538807,-3.158680277,0.023728571,295
3.350142701,1.946108135,3.279521616,4.181738946,0.066043472,0.169632446,71.67750942,0.799009708,0.477288328,0.029272379,-2.346669412,-17.45630848,-2.563268203,-1.881788515,0.018109211,345
4.389897303,0.547831963,2.694411355,3.733587045,0.088424397,0.420993226,92.96916607,0.095258016,0.486007177,0.031487731,-1.757078459,-4.899501907,-19.77774304,-3.447224112,0.022156581,26563
3.554224518,0.952613992,3.939327408,4.300449958,0.466584368,0.489332401,50.32481696,0.172755512,0.234705444,0.035624879,-3.928928779,-3.682112267,-19.55139112,-1.882496928,0.022902703,258
2.138567699,0.304592901,1.990781448,4.443900627,0.43447299,0.540343877,47.86051689,0.514468033,0.696050594,0.024842185,-3.612344119,-16.39545085,-2.395024581,-1.574604151,0.018462608,64
4.243966121,0.344889518,3.807149111,3.293118707,0.313197571,0.85434047,56.36577469,0.2848404,0.535627262,0.029448388,-3.368809888,-5.523296568,-3.726063752,-4.107877139,0.035450107,12011
2.702201257,0.163911463,1.532715555,3.774731852,0.008118995,0.797794944,10.734378,0.607751577,0.69821804,0.029314812,-2.417287628,-4.370881036,-8.78816004,-2.38644927,0.020760202,1250
4.328502386,0.135230484,2.854062675,4.066208176,0.293107853,0.441945529,60.04045496,0.816587225,0.823810813,0.027184845,-3.299336715,-15.95249466,-4.34651136,-3.880811456,0.03393465,2427
4.1390083,1.128107902,3.547078549,4.134375047,0.244521597,0.009788397,21.14658366,0.40418228,0.616461422,0.027866281,-3.138849908,-3.076411518,-12.52747726,-2.073381017,0.020055458,6017
2.49578667,0.68185997,3.647729642,3.253597057,0.163424304,0.068387966,54.72294708,0.93370777,0.893423895,0.025173974,-3.219664296,-14.52029537,-4.045076031,-2.59673055,0.027475309,163
3.749879176,1.263854051,2.482620575,3.809287478,0.212176454,0.91995897,98.51376281,0.337151168,0.408416436,0.027397615,-2.074621458,-4.754304199,-7.15422187,-3.885733011,0.026912589,10661
2.777417604,0.787125093,1.656927417,3.482710647,0.268954499,0.969691714,44.48783445,0.694083902,-0.583618676,0.069306132,-2.872114521,-4.27650969,-5.29286782,-3.786223154,0.030013626,4932
2.869215888,0.424009339,1.727164018,2.809134714,0.331014085,0.506646394,89.31145862,0.579223313,0.901475825,0.02180843,-3.241720943,-11.2396773,-3.241599988,-3.020371795,0.028010501,4501
4.430868185,0.599152238,2.394615301,3.580505927,0.250065107,0.563099714,24.00675857,0.474063239,0.964630914,0.026619781,-4.201005212,-5.130458304,-9.166562299,-3.508147318,0.037484755,11584
3.848429592,0.828844061,1.801160647,3.128491422,0.074357081,0.680775265,13.68761335,0.710905512,-0.18129069,0.044131457,-2.376475397,-14.2287899,-4.24226983,-3.339861378,0.027027537,1503
3.4643306,1.044886769,3.87558839,2.956860911,0.148544613,0.621852528,28.20488958,0.379979529,-0.363118134,0.052054821,-2.963206374,-4.568559254,-2.255815156,-1.023311359,0.012845123,187
2.343397611,1.322367856,3.059093656,4.24432072,0.23346039,0.595413435,15.98548826,0.959034619,0.741733136,0.00981077,-2.967635718,-7.907314507,-3.396051212,-2.733637322,0.025732852,26
2.932946947,0.747771168,1.831924846,4.195264032,0.289192423,0.286675292,73.48027622,0.428637232,0.299090304,0.0389875,-3.133310143,-11.8053826,-2.086218713,-1.691521942,0.018552246,649
3.06842838,1.119284801,3.479575316,2.932876342,0.188087718,0.406722637,91.7699569,0.777969878,-0.530609234,0.042770367,-2.252593862,-14.66514589,-2.964933476,-2.445654133,0.020029642,622
2.686378677,0.865101066,2.299248014,3.167976185,0.491198096,0.279142791,74.87917506,0.848939445,0.966469473,0.020694042,-2.38978838,-5.961448352,-2.447233851,-3.829787891,0.026459123,2741
3.652213153,0.992362735,1.93588598,3.927848536,0.111926657,0.214815028,60.77732934,0.990800726,0.627134056,0.024947289,-3.722651343,-6.256170019,-4.62622248,-3.525284825,0.03512287,4319
3.026364979,1.166000339,3.430316145,2.840931965,0.484503742,0.041437434,36.55773409,0.319758458,0.867360291,0.022164821,-1.579568298,-13.94015489,-2.411370888,-3.22103686,0.019087115,789
2.594566973,1.580626331,2.749236303,3.056659391,0.458306488,0.7554997,26.9772573,0.482343132,1.310927006,0.017739181,-3.372532191,-5.232797637,-10.67147618,-3.844762648,0.030819213,92
3.223824429,1.901912472,3.722539989,3.897988947,0.129588994,0.31936358,13.55823577,0.341799731,-0.679766635,0.05771789,-2.470986394,-4.894225885,-13.49961665,-3.496696327,0.027975275,174
3.258307533,0.384099759,2.519255458,3.862919581,0.494057695,0.492051178,82.47837524,0.534053347,0.862489908,0.0320254,-2.566843261,-19.3476439,-3.600324713,-3.875726362,0.029913898,1074
4.191431677,0.461809857,1.476672143,4.042490965,0.117312668,0.524612586,14.09222245,0.135708824,0.226560252,0.036421067,-3.318291126,-9.992819583,-1.860885008,-1.831206431,0.020048776,8290
3.704044678,1.964792771,2.998807268,4.330852274,0.2434758,0.075151459,95.25609635,0.269149037,0.488155934,0.031059074,-2.636104481,-14.24661829,-3.40841075,-3.72154291,0.030093554,804
2.051520578,0.288954727,1.75145852,3.937276982,0.220296004,0.226633994,55.22985099,0.839299876,1.340213426,0.015193907,-2.98939865,-9.538429167,-1.948470992,-1.462959445,0.015621412,214
4.352215649,0.429551934,3.390862457,3.493894986,0.489412167,0.470033025,33.04867538,0.061553056,0.721059298,0.023956835,-1.955651823,-18.01806885,-2.434499799,-2.030548994,0.016811174,6741
3.946993527,1.009192983,1.588470604,4.282355013,0.473446449,0.639008711,98.6270492,0.76441898,1.450004937,0.013773197,-1.932869514,-17.48095653,-2.495577513,-2.591429035,0.020713052,9762
3.130688021,0.140464707,1.995894091,3.718920505,0.445548208,0.403516334,36.65975656,0.940205155,0.537276534,0.028278361,-3.224982254,-3.254106231,-2.975846744,-1.668905834,0.019596049,5607
2.761974616,0.316225368,1.482329949,3.3237387,0.420485519,0.088348298,76.66228702,0.22416857,1.469533431,0.013940317,-1.970863085,-4.83940251,-15.49030837,-3.053339994,0.018776373,10228
4.063756628,1.766778902,1.208864093,3.047946663,0.322201412,0.298086082,73.9253493,0.109049497,0.300797135,0.036217629,-1.824731214,-4.417951273,-15.84196716,-2.28623477,0.014129832,10349
3.562445283,1.204159237,3.662658747,3.566911563,0.012006038,0.795424883,69.37956317,0.160239001,0.789589176,0.02554585,-2.892035374,-5.512905685,-15.69986506,-3.645133012,0.0295174,896
2.891529716,0.653768701,1.613771742,3.704520524,0.043557886,0.380780471,94.35946966,0.757334273,-0.141055971,0.041482498,-2.350063882,-9.755677398,-2.860757726,-3.616549856,0.02478713,2193
4.01818736,0.527322561,1.909865696,3.141820119,0.307831038,0.73212536,91.26922794,0.025745295,0.655248298,0.026421566,-2.792972568,-8.771549004,-3.60918048,-2.606773733,0.023191971,6085
4.3098392,1.465473651,2.270176749,4.430903948,0.17384758,0.344299624,30.50698615,0.884241487,0.873444868,0.028138355,-3.212718865,-6.156087808,-14.36985529,-4.375424432,0.035771205,2276
3.333313945,0.945787637,2.6553024,2.800690353,0.039154915,0.146565678,84.80266341,0.437147931,-0.44519701,0.044649549,-3.406307404,-7.991108106,-2.812494926,-2.403692201,0.026522479,4883
2.826484684,1.334406772,1.959741682,4.142479493,0.338042828,0.675374815,49.78078578,0.098307338,1.253646121,0.013359273,-1.979383902,-4.376135367,-7.349643122,-2.255324744,0.015847623,346
3.007049725,1.869373115,2.826763828,3.405507205,0.282700435,0.657705906,86.54845984,0.542526379,0.449446022,0.028184406,-2.230603798,-10.3547106,-1.923766624,-1.321056237,0.013351959,408
3.755203016,0.480218152,3.095398816,2.942949888,0.412451863,0.691483633,42.40976863,0.62684649,-0.22477284,0.040018309,-2.097808294,-3.314776813,-8.027519344,-2.000537655,0.01580755,15002
3.241513122,1.107050525,2.328718705,3.907016876,0.007184658,0.97503712,69.75023929,0.689982615,0.155226053,0.034851949,-3.181371232,-5.843552074,-9.785326343,-4.592410999,0.035823052,1628
3.541753463,0.222632963,2.137433924,3.822918562,0.206897591,0.564187069,62.43109481,0.192592192,-0.528989405,0.040085397,-2.873529194,-15.75433318,-2.895922719,-3.471576959,0.029115887,8752
3.646500123,1.833061927,3.463652268,2.893255322,0.380628229,0.833012941,16.64336559,0.914459696,0.857139102,0.024134561,-3.839005387,-12.45618631,-3.340067026,-2.346437655,0.027678375,72
2.723679557,1.544095016,2.094568889,2.904775707,0.370167154,0.914611605,81.47339213,0.863932614,0.263541838,0.037413288,-3.234496318,-5.319231339,-5.777456276,-3.155221345,0.029327288,564
2.455761282,0.857081734,2.386737827,3.518050005,0.264694654,0.022799849,29.15875957,0.364285148,0.520096541,0.032277649,-3.004186841,-17.901393,-4.223302628,-3.866940305,0.032964923,206
4.425406746,1.395271346,1.342745368,3.108264785,0.078745481,0.434790846,34.01517048,0.302590414,1.444735059,0.013445007,-2.365997741,-3.23208643,-16.03542472,-1.501403675,0.013655461,20597
3.367793715,1.072227668,2.730246947,3.004319282,0.368649037,0.31387059,12.53327086,0.783771298,0.939781677,0.023502461,-2.725148365,-4.778183268,-19.73051535,-3.568742791,0.026267085,1353
2.943861571,0.671865041,3.295761153,3.766106054,0.194355008,0.756973287,58.86134529,0.804060601,0.994891676,0.01894748,-3.289137673,-4.800095458,-6.952576161,-2.748477184,0.025831564,371
3.456899403,1.892991911,3.863735424,3.10539862,0.31709706,0.266018705,42.01052317,0.619377642,-0.06789682,0.047186314,-3.03774145,-16.49268434,-4.001547572,-3.386121414,0.032178382,91
2.656433663,1.789516685,1.409371827,3.42314637,0.439403657,0.880314201,57.8874914,0.207831603,0.291231964,0.035971249,-1.309906565,-3.6083773,-12.47598594,-2.521101906,0.011142776,982
2.419120017,1.188479133,2.702184121,2.990255349,0.145213756,0.872653485,23.61664424,0.040681127,1.551731223,0.011267528,-2.283361792,-4.573332494,-13.86834643,-2.924484193,0.021331205,129
3.805625214,1.952942045,1.814903506,4.188107808,0.057261297,0.197760884,22.25539229,0.56697873,0.835314273,0.016892159,-1.862135569,-4.985105468,-3.238751474,-3.343863713,0.019216293,1571
2.507766113,0.34121867,3.76763897,4.237508786,0.238335276,0.616114975,38.3870918,0.144219825,0.562757364,0.025377838,-1.944811435,-8.81639836,-2.173232123,-3.030835501,0.017440029,62
2.028280499,1.604475587,3.552617526,3.346020287,0.159000052,0.176030091,40.36943763,0.329315197,0.94201515,0.019719105,-3.244645907,-3.697281222,-5.711361814,-2.859295275,0.028483463,197
2.198085377,0.563362471,3.924039967,3.46654443,0.164470524,0.927806966,97.11155793,0.662426045,0.637495128,0.029952078,-3.081530299,-4.709663146,-18.67545356,-3.081765476,0.025924732,128
2.36599263,1.714344505,2.966421765,3.995164809,0.126500566,0.37916512,79.65544591,0.391624692,-0.150713798,0.036852288,-2.794014834,-8.681157254,-3.626433547,-1.612980386,0.016635598,27
4.12660256,1.502153214,3.498641314,4.471892078,0.181017709,0.761408591,90.12670697,0.500341078,0.415556749,0.036393352,-2.398932534,-11.01699644,-2.99410848,-3.70683017,0.027095484,424
4.220467739,0.73024302,3.715914586,3.659880034,0.104688557,0.999662641,10.26725397,0.419196453,0.833806768,0.02534999,-4.309106292,-14.03882967,-4.281390161,-3.469834267,0.037502117,235
2.30790156,0.813561402,1.823441077,3.604338234,0.083470086,0.452851772,25.25608213,0.983553638,0.77548708,0.027246553,-1.447772358,-4.343281185,-2.737539725,-1.902658401,0.011327164,373
2.212080424,0.130190326,2.598740694,4.099412746,0.137466133,0.337517261,18.52230332,0.29304572,0.324847433,0.030897832,-3.094124732,-10.98648028,-4.180273005,-2.800528072,0.027503861,28
2.292360669,1.019776984,2.457912054,3.267398829,0.06333779,0.589894291,72.49858273,0.24582002,0.449410058,0.03533889,-3.469166621,-15.81154781,-3.791840335,-2.161182179,0.025184742,63
3.425760561,1.276309792,1.699625693,2.849638173,0.298998545,0.518663382,54.0964988,0.972484945,-0.273672195,0.0503195,-2.054443841,-6.747431631,-3.73557584,-3.486280009,0.023283685,2660
2.142115617,1.682202302,2.261130254,4.225491722,0.397454625,0.943139956,53.1674036,0.64548489,-0.199521385,0.037692084,-3.067561021,-6.496698499,-3.632736368,-2.126713882,0.023563694,37
4.464644458,0.610426284,2.16310104,3.80147239,0.021538691,0.71244803,49.03747293,0.938732373,-0.359317607,0.046585547,-3.053883018,-4.971605721,-4.185698378,-3.154751499,0.031262017,27803
2.970405935,1.3547153,3.95512107,4.075729679,0.464143827,0.253519459,27.56691226,0.73820057,0.017066094,0.044986914,-3.086336804,-13.47587688,-3.140088187,-2.212388498,0.025059062,36
4.28756553,0.780529464,3.174945719,4.381493787,0.454381513,0.841847174,64.20814922,0.477358998,-1.214248298,0.084410559,-2.151295965,-7.535758081,-2.341059996,-2.764088276,0.021817935,638
3.96463129,1.292073466,2.914231532,3.289553128,0.27763017,0.058884279,61.56211184,0.495888916,-0.144703484,0.040205893,-3.517888813,-18.12413885,-2.753504082,-2.102656911,0.023453156,2293
3.153196763,1.511876425,2.810917078,4.454705677,0.402912811,0.123957617,45.08410782,0.354878453,-0.532769698,0.055959363,-2.479820491,-4.509111138,-7.274708833,-2.992611915,0.023203357,621
3.074839866,0.911998955,3.367709392,3.175574157,0.343754804,0.546783798,46.84759058,0.001073243,1.34473329,0.017624018,-2.663655139,-14.91031602,-2.453621589,-2.745406876,0.025166479,840
2.580808274,1.621375348,1.307553369,4.322466203,0.253790669,0.818778419,19.72920643,0.445296673,0.015355681,0.034038492,-2.788577209,-16.90283452,-2.489251231,-2.762783729,0.025546921,135
2.606433225,1.162721814,3.224243398,3.986799002,0.358764174,0.00134544,67.02108215,0.584482545,1.389576228,0.019605599,-2.477306181,-4.369325821,-12.59911188,-2.984052376,0.023290275,998
3.66947352,0.17937343,3.152442616,3.209132233,0.215035285,0.206708866,75.53246345,0.840859101,1.116214793,0.020078605,-1.714253269,-9.967581077,-3.55833862,-2.787073647,0.018638387,3826
3.888502024,0.886956854,3.824949558,3.621250279,0.094918706,0.101440482,88.10632572,0.714702599,0.421401239,0.031735482,-3.148371632,-5.400686957,-3.186133146,-2.023913339,0.022366284,2796
4.21955655,0.553702679,1.429022238,4.361632539,0.395304503,0.501342474,40.11094892,0.881821953,1.301264237,0.013450972,-2.555774519,-12.19810816,-2.682207618,-3.040852294,0.02588893,18060
3.978699142,1.897016635,2.404640548,2.825740482,0.200771791,0.411282608,31.83750321,0.729450947,0.028453011,0.0434684,-2.667473584,-5.0385542,-11.78623857,-3.857765885,0.030128761,7167
2.848795736,0.435894573,1.856086991,2.911488877,0.077704996,0.839478822,42.31219537,0.278631956,0.780084081,0.026539571,-3.713097027,-17.6455122,-3.252629985,-2.465863058,0.0267042,1402
2.200845158,0.930270533,3.198785837,4.395081731,0.41171824,0.777770849,30.95915284,0.306537953,0.108626246,0.03306771,-3.184169179,-9.614241964,-4.659002817,-3.825991718,0.03465879,19
3.402606626,1.37562399,1.940887072,3.367005184,0.122450897,0.729957879,95.82042016,0.812004716,0.194248224,0.038574716,-2.003434065,-4.537932613,-13.23283332,-3.305512212,0.022526757,10278
2.96142443,1.533818617,3.063296076,3.760091563,0.267648159,0.223468033,52.74488384,0.987578241,0.761057376,0.03084199,-1.883715564,-4.951556529,-16.32369928,-3.990983201,0.02341876,1027
2.286694774,1.806087364,2.766512641,3.00058431,0.1199747,0.651119889,17.58853643,0.854678856,0.596917917,0.030789144,-2.270088538,-19.86103086,-2.537510693,-2.950240061,0.024542297,57
2.425983223,1.736455084,3.441327224,3.4140362,0.486636277,0.08517722,58.55226784,0.824089545,0.796533344,0.024809872,-2.020299165,-17.41189855,-2.648813234,-3.880884105,0.024101103,122
3.769875188,0.848282885,1.774960872,3.920249932,0.462919809,0.554621898,34.98408124,0.018692526,1.017131435,0.015619091,-1.791229436,-4.39726329,-18.78374858,-2.580057834,0.015637786,6077
2.540020952,1.690521804,3.815287868,2.883016845,0.216223215,0.716720667,61.20161761,0.648142856,0.270694387,0.037243774,-2.847842158,-5.092641516,-8.907056406,-3.424026673,0.030251512,204
3.20788005,0.568546679,3.752512101,3.099193272,0.446539598,0.256341121,94.2190999,0.507462813,-0.087508428,0.03972076,-2.538388968,-2.405978877,-19.02621609,-1.353097328,0.012425367,4648
4.091338949,0.660210102,2.28483985,2.964473798,0.476933372,0.130012224,68.05101246,0.288708983,0.719071046,0.028859394,-2.197312517,-5.642502059,-13.11539828,-3.205239521,0.019458241,5939
2.578589919,0.117471429,2.636223861,3.638912929,0.318963677,0.332048412,90.30208919,0.968763007,-0.333692433,0.045977471,-2.27983113,-3.473415122,-4.827728317,-2.522068299,0.017573476,3021
2.044589917,1.730654505,1.674572752,3.203746332,0.255850995,0.465549409,59.4533881,0.491930077,1.212771127,0.02080961,-2.927055382,-13.81137842,-3.319063741,-1.55225738,0.018141509,42
4.169024041,0.171388937,1.557324081,3.149020947,0.185689157,0.692596081,78.87196615,0.785586033,1.003365111,0.022753665,-2.800167123,-18.81026142,-3.163132216,-2.675009454,0.025371804,21258
3.01378567,0.449331486,2.872331209,4.283691443,0.034389562,0.679638526,72.74512797,0.358099911,0.638333126,0.03037089,-2.533902224,-3.012496193,-7.038756369,-2.901672984,0.021477771,5275
2.172950394,1.099539693,2.248862924,3.503397583,0.355269914,0.96048543,85.62928873,0.368535418,-0.792282681,0.05539753,-2.600834695,-17.19654598,-3.703230663,-3.875504431,0.028026897,28
3.057533641,1.02812738,3.695767402,4.43741421,0.092127986,0.428358868,53.85803689,0.670178686,0.64724927,0.030056995,-2.734419346,-5.998395077,-5.969124821,-3.771697644,0.031979075,315
4.397205727,1.285330599,3.840327034,3.456160996,0.452680634,0.586140484,15.72451311,0.58959508,0.413003643,0.038641502,-3.090691049,-16.60932948,-3.243155223,-1.87485515,0.02119967,97
2.611645361,0.231224112,3.525177562,3.544763822,0.404898141,0.784911909,74.16552605,0.466655223,0.198097365,0.046298548,-3.43209403,-3.784292015,-9.008524181,-2.514382248,0.024777754,595
3.17238888,0.321186048,2.191662449,3.319588007,0.084370553,0.051667978,24.42258536,0.716361109,-0.359766067,0.059977737,-3.55131253,-6.723298638,-3.287718916,-1.525820289,0.017264932,300
2.473672956,0.771489143,3.00607689,4.030929152,0.175240467,0.611761264,96.71303896,0.044806214,0.794398919,0.03171881,-1.326321087,-17.10366886,-1.896589989,-3.044663484,0.012713408,111
3.12304535,1.08647004,3.10586654,3.973937937,0.069488003,0.574943595,26.46957559,0.118931895,0.916348353,0.020379391,-3.415392902,-3.908093319,-10.9554567,-2.992081409,0.028739782,577
2.086404828,1.180761089,2.119145557,2.856336815,0.236685881,0.167504475,85.33580837,0.143359866,0.886468,0.023343412,-2.869977302,-18.45606255,-2.229757063,-1.711940882,0.018384677,350
3.60590205,1.588913929,3.422711021,4.216441476,0.015390032,0.004466797,49.49142677,0.178740174,0.906777745,0.022769005,-3.285972478,-18.60597595,-3.52016291,-3.028503613,0.026587787,380
3.816693152,0.982191017,2.349156615,3.885486935,0.37213289,0.208900183,89.00350509,0.080066657,1.180363029,0.017456179,-3.705224696,-6.769154803,-2.827092278,-2.083128278,0.023091855,2289
2.673666056,0.3613661,2.792271381,3.943868143,0.431905754,0.152267558,12.36618015,0.609011647,0.700417486,0.028725979,-1.938170103,-5.431200387,-11.2076895,-4.009920836,0.02521425,598
3.890558717,0.503470409,3.960801493,3.13965822,0.048239748,0.367269825,63.13337597,0.242109544,0.512706456,0.023750111,-1.514304833,-4.339641769,-11.83496222,-2.968071534,0.015005987,10325
2.907016584,1.862337472,2.660304661,3.275549454,0.302834405,0.19599335,14.70566666,0.209876909,0.529622217,0.027501351,-1.31825469,-3.688271501,-10.51992021,-2.35124175,0.011314519,359
3.525412688,1.482353539,1.286358839,4.23336045,0.328614693,0.357824024,77.5351934,0.951221822,0.578511262,0.034338509,-3.929751577,-4.008441751,-5.16814628,-2.789431835,0.030968209,4860
2.111215349,0.972957917,2.536013713,4.12681821,0.360307276,0.457546322,99.4918633,0.620871077,0.834575639,0.025470422,-3.145594805,-4.827572604,-9.960455308,-2.821703345,0.026832685,122
3.921295857,1.456167672,2.473904304,3.044190541,0.429118545,0.533190233,10.68027003,0.128647007,-0.129396936,0.038675549,-3.298597833,-5.728870547,-2.473841115,-1.846599665,0.01946124,400
3.589243854,1.244851046,3.329605011,3.73099792,0.386698182,0.898498079,35.95415783,0.452982265,0.042395649,0.039217062,-2.974877168,-7.3152021,-4.322104691,-3.813215149,0.03099073,134
4.00915432,0.619265714,1.598857565,3.683439799,0.106502141,0.949802602,65.12939912,0.427113471,0.690794038,0.026218366,-2.326700493,-6.55331114,-2.235270253,-1.66609964,0.016145152,14946
3.348709292,1.326183614,3.635584132,4.309315753,0.340689941,0.858914021,70.82271187,0.870294445,1.147207859,0.022808527,-3.015333313,-5.843480342,-7.203250264,-4.528083351,0.036813374,576
2.753977998,0.818021767,1.37058052,4.05918263,0.274749044,0.061572553,20.49002505,0.924110734,-0.764396435,0.055934368,-1.834957427,-9.068462294,-2.782253054,-2.495867258,0.019575705,720
4.294944698,0.392358807,3.248462927,4.021081839,0.054718923,0.114298288,47.71041944,0.570582585,0.621168331,0.026339965,-1.732163976,-17.3539883,-3.673178865,-3.089082651,0.019804501,3376
4.444412332,1.417577178,2.938272713,3.79422531,0.023355641,0.302167815,83.28343163,0.901597308,0.462658207,0.037910588,-1.513031926,-9.833605052,-2.074867057,-2.471694849,0.0159869,4096
4.330314177,1.958058006,1.875271988,3.552834475,0.13251937,0.48219639,92.75532975,0.33374507,0.027543229,0.039132573,-2.78194034,-3.015393251,-4.774541258,-1.725130889,0.017390603,10739
3.487164081,0.191509247,3.915360922,3.384859468,0.2290968,0.811202427,21.43788583,0.769990543,0.291414526,0.036307411,-2.227407592,-11.33428975,-2.214218732,-2.370347511,0.020060734,760
3.720753021,0.869767548,1.71059069,3.023404558,0.496693613,0.870532583,76.06827214,0.558327004,0.853537389,0.025325599,-1.346523893,-3.123636501,-16.79410012,-1.963201669,0.0066023,17383
3.698410035,0.704145951,1.222736229,4.117172019,0.333813628,0.904453492,28.66468998,0.522148292,-0.29655977,0.051084912,-3.359662098,-5.120666239,-14.47379755,-3.655932315,0.032851245,8000
2.887733835,0.736996147,2.932528656,3.282423185,0.000604572,0.923905595,24.21426339,0.747721489,0.27260423,0.037250579,-3.498072999,-14.29118052,-2.446171295,-2.304868745,0.023764558,128
3.29519012,1.811994586,2.068021325,3.842108216,0.247266778,0.990111723,44.66271719,0.399804429,1.443878694,0.013307774,-2.724241533,-17.41924492,-3.470842747,-3.592790138,0.029328184,250
2.381847093,0.279251079,2.037772671,3.215877405,0.15084885,0.261317726,51.32923461,0.073285904,-0.369016627,0.05418413,-1.870025908,-4.639413226,-4.391248708,-3.50154003,0.022606349,7022
3.399625711,1.637353395,1.316289231,3.596796149,0.160402912,0.031581074,56.56010481,0.402881254,0.020585175,0.045293073,-3.348439562,-4.703806294,-16.18616005,-2.396684128,0.025149062,4950
4.112837891,1.55977578,3.593066647,3.691213045,0.287298114,0.387959513,81.86774843,0.183787625,0.010879464,0.048228141,-2.356384953,-4.768330148,-4.682774719,-1.958376956,0.015974438,663
2.730426932,1.970181564,2.575113869,4.406919601,0.142129881,0.741257961,67.3887959,0.687153866,0.898950159,0.020292683,-2.3780911,-3.355668956,-11.37031727,-1.938558664,0.015235968,210
2.329434884,1.216067011,1.501409517,4.474585883,0.196581732,0.295017412,38.07439352,0.220827037,0.652050935,0.025757116,-4.062162989,-13.46663354,-3.652960503,-2.944406979,0.033432725,79
4.495834215,1.143739086,3.323447895,4.177042505,0.295061646,0.630090154,43.72378358,0.034082838,0.947993066,0.02084981,-2.754658963,-8.189079313,-2.361138142,-1.35277903,0.015355835,1063
3.037980762,1.438549934,1.787900571,2.866283562,0.389324022,0.571344381,68.57437692,0.152827642,0.032659463,0.037628646,-2.974167764,-14.58110395,-2.21962044,-1.319930391,0.014703698,615
2.187677594,0.699133611,2.060214175,3.671101523,0.041601373,0.670059141,17.08727372,0.086568123,0.707620109,0.026122002,-3.292247904,-6.185039659,-4.485778098,-2.469123899,0.025257041,29
3.440171478,1.722058855,3.603225707,3.964530941,0.32460093,0.183514376,35.7573845,0.014637861,1.040812968,0.020817754,-2.085881832,-3.194816778,-13.8033606,-1.227875461,0.011219663,314
3.862106372,1.409175132,2.356131229,3.91283111,0.367563971,0.17595947,11.20368574,0.471287723,-0.673020517,0.057776127,-1.974553315,-11.79798059,-3.444939102,-3.447471992,0.021907606,74
3.980168481,0.754519899,3.351804064,3.746669062,0.41511553,0.079070393,70.85906941,0.922469665,0.084999895,0.035446907,-3.596825477,-4.294708354,-8.271538896,-3.56950621,0.034684125,28046
2.560233338,0.115040697,1.352654338,3.755608159,0.334813963,0.374017706,45.91118578,0.360639966,-0.321965455,0.049874685,-3.066367341,-3.830444127,-11.47418947,-2.154229949,0.0215385,2314
2.318577554,1.913846745,1.45904716,3.850273254,0.296691218,0.775536772,93.7664912,0.773052355,-0.161293498,0.033635864,-3.186939197,-12.7904216,-3.790252709,-3.475337638,0.032295314,147
2.666169765,1.179013214,3.903205312,3.461423848,0.483647399,0.412044757,65.7958485,0.39525638,0.727624071,0.027134885,-2.360988328,-19.78809817,-1.74165432,-1.38627509,0.013677902,177
2.63903799,0.925774091,2.884221963,4.311248791,0.42255242,0.397116205,48.70699284,0.872686734,1.166382733,0.019267101,-3.980204054,-5.780795612,-18.01799271,-4.440826403,0.043331934,366
3.512377048,0.33451243,3.271220105,2.974736003,0.492563752,0.581766794,77.88500801,0.138538789,0.553017177,0.034598177,-2.271141915,-2.299775797,-5.357671436,-3.096700435,0.024623646,141002
3.183539206,1.936696729,1.297363399,3.165535213,0.376974057,0.21834898,62.73389791,0.791669225,1.013846205,0.022729632,-3.925701816,-19.36538227,-2.790920441,-2.453019066,0.028310168,1080
2.857447052,1.076737564,3.396373037,3.510154469,0.074001827,0.096215603,61.99113592,0.409150475,1.186228125,0.018433281,-2.455037968,-4.19296866,-4.207957753,-3.664793734,0.029487284,7640
4.487408281,1.135203607,2.683135915,3.626483456,0.349527458,0.437949042,39.00964365,0.952540645,0.762742255,0.023749877,-2.591315063,-3.321086808,-9.402771784,-2.773655382,0.022761047,24840
2.104635732,1.09204807,1.739563239,3.689759302,0.398112763,0.124598643,40.8999769,0.076759424,0.690765312,0.02152232,-1.857675172,-4.13754397,-4.047677139,-1.737439205,0.011554067,194
4.270579234,0.977431382,3.290734353,3.229687002,0.183860487,0.821680733,32.99352277,0.997520482,1.206985914,0.017187089,-2.729465204,-12.53966608,-2.066616193,-1.785020622,0.019491929,4753
3.378226757,0.188022745,3.618949913,3.12131133,0.451246346,0.448027955,18.06419726,0.435377874,1.050918063,0.019952748,-1.741962926,-4.389996017,-16.88480148,-2.976803295,0.017833208,3124
3.210252319,0.802219783,2.778513173,2.814813268,0.286040094,0.94495523,50.27135178,0.351772523,0.88701404,0.021728551,-4.105848108,-11.5758676,-4.629159668,-3.147808072,0.035446654,452
2.920776762,0.264935514,2.294702009,2.878343437,0.100672985,0.249500864,99.77044801,0.894159561,-0.483190228,0.047161501,-1.824554097,-8.001846492,-2.0357798,-2.763286476,0.018546929,11145
3.73965965,1.348398261,1.925575461,3.035683707,0.019493125,0.047428714,44.0568032,0.613659153,0.055777722,0.033558441,-2.177202249,-4.839211078,-14.87554962,-3.508699074,0.022874455,18200
2.46636944,0.534330424,2.450867087,4.248630695,0.130833788,0.036256858,82.95080678,0.64220103,-0.33991291,0.062907258,-3.088661986,-10.51419712,-3.129010719,-1.836520933,0.021078362,104
4.412524237,0.644775588,3.535023928,4.343116258,0.231079711,0.140617295,87.073879,0.168155812,1.263307431,0.017073365,-2.148010302,-4.94588018,-2.337811758,-2.060749521,0.016740973,11222
2.003483524,0.964777069,2.978483531,4.446585024,0.210267868,0.230474044,59.10881832,0.486388813,1.260320458,0.015542821,-2.534237299,-16.159794,-3.033487799,-2.616985684,0.023807273,85
3.473757335,1.012950001,2.238146305,4.482202637,0.408286243,0.704927041,78.65499576,0.298094792,0.124580453,0.045148751,-1.451810417,-5.739914863,-2.482888125,-3.107620831,0.015967707,1119
2.407208503,1.982500241,3.455456086,3.538785662,0.25998219,0.342695165,20.31704474,0.735291248,0.909639444,0.022962529,-3.671710639,-9.4036041,-3.05905828,-2.519396736,0.027625461,14
2.06677998,0.41464849,3.047240802,4.120931873,0.167749274,0.876933057,21.62168108,0.705935939,0.656661191,0.017027121,-3.606794532,-3.655007483,-4.19505279,-2.402771265,0.028389827,99
2.712636232,0.488996686,3.88343572,4.008073314,0.305911882,0.522829495,89.68977814,0.681836257,-0.665257898,0.04811852,-2.678039165,-12.20221168,-3.51674451,-2.494884089,0.023485455,110
3.099535066,1.516558331,2.609978234,3.331067774,0.005105112,0.269112476,66.81105062,0.741367251,-0.155271776,0.019809412,-1.986362183,-19.12980813,-4.056262707,-3.144988975,0.021799067,614
4.157681574,1.678155101,1.63334103,3.363984422,0.474215186,0.472227814,85.1073435,0.677276925,-0.403151186,0.050892076,-2.98845113,-19.66127193,-2.585317859,-2.337478671,0.023834547,3138
4.103963993,0.251784454,1.50810414,3.24807293,0.261659648,0.326673614,33.68917892,0.218807815,0.863623523,0.019477998,-3.094077595,-9.452162376,-2.766973634,-3.605147251,0.029925078,28837
4.206848351,1.36598016,1.681638141,4.371830991,0.025184355,0.686683863,54.38496071,0.529939724,0.806877527,0.023327318,-1.882533113,-3.237698906,-14.72253911,-2.292637653,0.017223674,22194
3.777751796,0.29251603,3.671798821,3.583639703,0.099311265,0.556319024,51.6872459,0.960140914,1.045190551,0.021272801,-3.00640715,-5.282567977,-1.446362287,-1.180856295,0.013308641,2803
3.307076581,0.875673355,1.212324364,3.189945529,0.17062712,0.282911805,80.77619153,0.918020229,0.838746784,0.028834034,-2.423428371,-4.285240211,-17.81736626,-2.589481907,0.01867598,13206
3.678250595,0.584392485,1.543741807,4.044862595,0.141136285,0.106445725,75.18768975,0.030984789,0.715539472,0.02339339,-1.536430336,-15.69941029,-1.889759262,-3.002268088,0.017161503,21749
2.951622103,0.604484356,3.125893366,3.398548753,0.199605189,0.305285417,14.50471399,0.518600733,0.909861845,0.026349537,-1.610667281,-4.399935369,-5.178361612,-2.774643469,0.018438251,1401
3.575427744,0.37573074,1.843509556,4.414947534,0.248743446,0.723621726,72.11597035,0.800689857,1.05676874,0.020923955,-1.575467203,-14.00233692,-3.104238863,-2.6022298,0.015556194,1942
2.228731793,1.487309678,2.177853885,3.786774768,0.460543825,0.496955756,29.78571243,0.822978716,1.13920122,0.020875269,-3.189126043,-5.787964212,-12.13155452,-3.473267946,0.031841451,50
4.030057591,1.82441229,3.077788823,3.080787433,0.11225111,0.012371073,25.48349846,0.311143006,-0.405391833,0.046771453,-3.025352214,-10.15346998,-3.410986819,-3.326139742,0.029323733,1503
3.264894012,0.714652919,2.428497572,3.428563502,0.036190931,0.893024088,91.51867023,0.055634021,0.508490747,0.027633833,-4.127325302,-5.217134309,-4.914859861,-3.874093245,0.037670661,5010
3.934014606,0.147995527,1.982490299,2.923410558,0.278717682,0.928679305,22.67370176,0.553377125,-0.76843278,0.048142788,-2.784450141,-15.8650357,-2.466484132,-1.360884865,0.012730725,3954
3.626511315,1.774519745,3.759881505,3.063725566,0.353795725,0.744254292,96.28602282,0.256152072,-0.078063402,0.042198807,-1.918491267,-18.61909707,-2.039013057,-2.918973124,0.020060363,667
4.368584898,1.74815829,2.107900087,3.870564332,0.080907571,0.783812692,26.88400315,0.187287161,0.48190335,0.035099678,-1.611015119,-8.546524624,-3.250010895,-3.495430883,0.018397613,351
2.278502704,1.633760755,2.017762166,3.304974987,0.059346036,0.90237208,46.29431455,0.636196411,1.46217809,0.014831352,-2.934519347,-4.155160607,-2.373342106,-2.957171432,0.026387305,479
4.07216561,1.877365618,2.586464567,4.264829445,0.204953434,0.606931436,57.23819297,0.266909144,0.40059024,0.03035509,-2.747733773,-5.497974775,-17.88578217,-4.335544171,0.035097219,3094
3.825797522,0.83264585,3.185326589,4.164008571,0.226953959,0.508986719,73.32726896,0.56373034,0.669881255,0.029564267,-4.083289592,-4.865765958,-12.20057324,-3.45249388,0.037892918,4188
4.315095366,1.595671779,2.529291953,4.151294562,0.44904147,0.979417178,55.8358903,0.844047285,0.648054929,0.021382097,-2.420078411,-3.306734893,-4.220775127,-2.932509876,0.023832496,10710
3.113940805,1.228808175,3.791199654,3.955711786,0.31028248,0.849464708,88.55802794,0.115961692,0.348211873,0.029084488,-2.69068306,-3.691021193,-13.24225901,-2.59194687,0.023353501,842
2.358869487,1.25939933,3.970390428,3.555492511,0.06194042,0.632452964,37.44580853,0.594898424,0.41294431,0.030988313,-1.965981689,-6.704220514,-2.888292305,-2.796027738,0.021990671,62
2.518591631,1.552142972,2.715386251,2.941085857,0.156200717,0.806016516,98.13307614,0.326890736,0.69924408,0.02737077,-1.771449613,-5.513471682,-4.287680687,-3.345664699,0.021555895,471
2.785900371,1.311105988,2.863680637,4.202952398,0.125833296,0.993712941,30.82741779,0.456973198,-0.331558097,0.044145019,-3.420932213,-4.455747148,-10.2273904,-3.23094428,0.031963183,206
2.817002151,0.478791555,1.382772987,4.079502402,0.433425572,0.641861697,12.98073065,0.236182064,-0.109795643,0.042333383,-2.048269361,-19.54981786,-3.253104817,-2.813813512,0.019802283,133